name,score,price,lat,lon,star,rooms
峨眉山寅瑞酒店,暂无信息,159,29.58735,103.297255,2,30
峨眉山仙鹤楼酒店,暂无信息,104,29.573271605863,103.45811445312,2,17
峨眉山家之旅酒店,4.7,115,29.572283,103.455181,暂无信息,29
峨眉山峨眉·初见公寓,暂无信息,786,29.581623,103.478564,暂无信息,1
峨眉山仙山旅社,暂无信息,36,29.596689360626996,103.52809660263,暂无信息,10
峨眉山双泉休闲庄,暂无信息,135,29.607446000000003,103.34251,暂无信息,20
峨眉山云海金龙酒店,4.9,1156,29.529378,103.342846,3,30
峨眉山悠途之家主题酒店,4.8,91,29.57263,103.458347,3,25
峨眉山花园城度假酒店,4.7,314,29.579462653555,103.48300584245001,4,暂无信息
维也纳智好酒店(峨眉站水晶广场店),4.9,249,29.601874830207,103.52575716008002,4,150
峨眉山养心寨酒店,4.6,456,29.590979,103.296686,2,31
峨眉山斯维登度假公寓(峨眉青庐),4.7,245,29.576064567032,103.46649345366,4,188
峨眉山神山圣水休闲庄,暂无信息,113,29.569315000000003,103.41571,2,28
峨眉山龙州饭店,暂无信息,130,29.598267414871998,103.38510574517001,2,8
峨眉山月亮湾酒店,4.6,113,29.57255,103.457793,2,30
峨眉山一抹茶休闲度假屋,暂无信息,150,29.597962562656,103.38651425046,2,10
峨眉山龙凤酒店,4.5,101,29.576293,103.451902,2,57
峨眉山富嘉源酒店,4.7,110,29.573054074779,103.45717622302,2,暂无信息
峨眉山楠亭轩酒店,4.8,137,29.575821,103.410677,2,暂无信息
峨眉山惠比特商务酒店,4.6,73,29.598210257806002,103.51146416563,2,暂无信息
峨眉山逸闲庄度假酒店,4.8,237,29.58243400000001,103.478608,4,38
峨眉山亨堡酒店,4.6,185,29.59756789809,103.52026472664,3,96
峨眉山钓鱼岛商务酒店,4.0,143,29.608453180876,103.51057399777001,2,28
峨眉山名兴商务酒店,3.1,88,29.597510063486,103.52740579466,暂无信息,20
峨眉山兴福旅饭店,暂无信息,148,29.581501874952,103.41420714795,暂无信息,20
峨眉山叶仕招待所,暂无信息,55,29.599054825,103.50064215799999,1,60
峨眉山写庭客栈,4.1,79,29.570088,103.46012,暂无信息,26
峨眉山市爱e家酒店式家庭公寓(食为天美食街店),暂无信息,453,29.5947,103.486875,暂无信息,1
峨眉山市爱e家酒店式家庭公寓(食为天美食街店),暂无信息,453,29.5947,103.486875,暂无信息,1
峨眉山明月酒店,暂无信息,320,29.582093719338,103.41271740216999,2,27
峨眉山遨湖e家,暂无信息,406,29.578199,103.404934,2,暂无信息
峨眉山遨湖e家,暂无信息,406,29.578199,103.404934,2,32
峨眉山依湖居休闲庄,暂无信息,132,29.581472011042,103.29056370048,暂无信息,20
峨眉山竹隐苔客栈,4.8,456,29.572171,103.279695,2,12
峨眉山御泉湾温泉酒店,4.6,777,29.569419,103.465784,5,325
峨眉山希乐尔酒店,4.8,241,29.609745,103.506497,3,50
峨眉山迎鸿酒店,4.3,99,29.572386,103.455781,2,40
峨眉山迎鸿酒店,4.3,99,29.572386,103.455781,2,40
橡树缘连锁精品主题酒店(峨眉山报国寺店),4.8,121,29.572971259215997,103.45668409976999,2,22
峨眉山顺路园休闲庄,暂无信息,198,29.568668944694,103.44115900666999,暂无信息,暂无信息
峨眉山金和旅馆,暂无信息,122,29.523788,103.465053,暂无信息,20
峨眉山兰亭阁休闲庄,暂无信息,208,29.608511,103.335006,暂无信息,20
峨眉山兰亭阁休闲庄,暂无信息,208,29.608511,103.335006,暂无信息,20
峨眉山秀色饭店,4.8,112,29.57211,103.454879,2,10
峨眉山金豪商务酒店,3.8,151,29.571595529989,103.45332051049999,2,40
峨眉山梵星山舍,4.8,733,29.585999,103.450237,4,21
峨眉山阳光家园,暂无信息,147,29.574366566012,103.28399311191,2,暂无信息
峨眉山阳光家园,暂无信息,147,29.574366566012,103.28399311191,2,12
峨眉山归隐山居创意民宿,暂无信息,116,29.571693631155,103.45249305035999,暂无信息,20
峨眉山雅逸阁休闲庄,暂无信息,135,29.604520225290003,103.33743889351999,暂无信息,20
峨眉山秀清田园山庄,暂无信息,147,29.60222000000001,103.372331,暂无信息,20
峨眉山春花旅饭店,暂无信息,83,29.576964,103.400937,2,11
峨眉山春花旅饭店,暂无信息,83,29.576964,103.400937,2,11
峨眉山秀园宾馆,4.3,152,29.602088333195,103.49933996176,3,93
天下峨眉酒店(峨眉山),暂无信息,90,29.572326546318003,103.45430874665001,2,46
峨眉山秀湖阳光酒店,4.8,205,29.582955494861,103.47801099545,2,52
峨眉山湖畔人家客栈,暂无信息,102,29.577915,103.403541,2,13
峨眉山角落客栈,暂无信息,235,29.521639926753,103.46312761614,2,暂无信息
峨眉山角落客栈,暂无信息,235,29.521639926753,103.46312761614,2,7
峨眉山云霖居休闲山庄,暂无信息,162,29.59631,103.298305,暂无信息,45
峨眉山合圣度假酒店,4.4,271,29.602044,103.372602,3,40
峨眉山巨峰楼大酒店,4.2,306,29.544285848271,103.33978872343,2,24
苏格主题酒店(峨眉山报国寺店),4.6,98,29.572440000000004,103.457534,2,16
乐山爱伊家民宿(佛光西路分店),暂无信息,413,29.625591,103.501686,暂无信息,1
乐山爱伊家民宿(佛光西路分店),暂无信息,413,29.625591,103.501686,暂无信息,1
乐山停留民宿,暂无信息,296,29.584148,103.45124,暂无信息,1
峨眉山双玉斋民宿,暂无信息,367,29.6076619,103.3427729,暂无信息,1
峨眉山双玉斋民宿,暂无信息,367,29.6076619,103.3427729,暂无信息,1
峨眉山禅林雅舍酒店,4.6,273,29.574145017231,103.44932775648,2,30
峨眉山清秀酒家,4.0,115,29.577855,103.403644,2,30
全季酒店(峨眉山店),4.7,364,29.601287,103.504874,3,93
雷洞坪友好饭店,4.8,442,29.544156,103.339518,2,17
峨眉山尚品酒店,4.9,173,29.581723331297002,103.41442392815,2,24
乐山黄怡客栈(大峨村分店),暂无信息,539,29.566748,103.417755,暂无信息,暂无信息
乐山缘分民宿,暂无信息,124,29.584105,103.45121,暂无信息,1
峨眉山典尚民宿,4.5,64,29.588357,103.471762,2,30
峨眉山虎溪园度假休闲山庄,4.3,112,29.569067937578,103.44216960213,2,20
Q加·鸽子花儿精品酒店(峨眉山报国寺店),4.6,59,29.573463286198002,103.45856652087,2,32
峨眉山华莲休闲庄,暂无信息,157,29.598139607114,103.38612808481,暂无信息,20
峨眉山艺雅酒店,暂无信息,198,29.582010528584,103.41456399649,暂无信息,暂无信息
峨眉山仙踪林酒店,暂无信息,257,29.596457790475,103.38448196136,暂无信息,暂无信息
峨眉山湖边度假酒店,4.5,201,29.576070632552,103.45208096584,2,25
峨眉山梓园酒店,4.1,127,29.572202402878,103.45364515305,2,暂无信息
峨眉山云峰假日酒店,4.7,146,29.572142,103.453628,暂无信息,16
峨眉山云峰假日酒店一号店,3.3,105,29.572448552518,103.45421731757,暂无信息,21
峨眉山金茂酒店,4.8,98,29.571288553035,103.4531595389,2,20
峨眉山红叶酒店,4.0,119,29.571417728590998,103.45340666455999,2,50
峨眉山自强饭店,暂无信息,189,29.571773729011003,103.45389524041,2,40
凤凰栖酒店(峨眉山利民店),3.4,156,29.572237234565,103.45442686540001,2,30
峨眉山吟峨酒店,4.5,177,29.571852089826997,103.45415364561,2,20
峨眉山吟峨酒店,4.5,177,29.571852089826997,103.45415364561,2,20
峨眉山水云间休闲庄,4.2,93,29.569066913856002,103.45762916647,暂无信息,暂无信息
峨眉山琼芳休闲庄,暂无信息,150,29.598110596277,103.38617611291001,暂无信息,20
峨眉山富华酒店,4.8,89,29.571670320802998,103.45443229393,2,25
峨眉山吉祥酒店,4.6,91,29.572662345042,103.45553776679,2,28
峨眉山石湾茶苑,暂无信息,113,29.571928028469,103.27931803294001,暂无信息,20
峨眉山石湾茶苑,暂无信息,113,29.571928028469,103.27931803294001,暂无信息,20
峨眉山念庐酒店,4.7,275,29.599516,103.524648,4,75
乐山峨眉万兴酒家,暂无信息,102,29.575755898797002,103.4508557586,暂无信息,20
峨眉山冯氏休闲庄,暂无信息,113,29.569755378198,103.44371486103,暂无信息,18
峨眉山冯氏休闲庄,暂无信息,113,29.569755378198,103.44371486103,暂无信息,18
峨眉山云秀缘民宿,暂无信息,137,29.583445,103.450976,2,6
峨眉山金兴酒店,3.9,150,29.605979630514003,103.565508809,2,98
峨眉山梅龙客栈,3.7,41,29.596577520914,103.52803794471001,2,38
峨眉山巢壳假日酒店,4.8,187,29.579607,103.479791,2,79
峨眉山东辉大酒店,暂无信息,140,29.595940947958002,103.38869839113,2,64
峨眉山蓝光己庄·悟啦啦主题亲子酒店,4.9,1810,29.579401,103.482538,5,48
峨眉山绕佛阁度假酒店,4.8,559,29.585869,103.448516,5,31
峨眉山景色楼,4.8,209,29.586443498947002,103.29801152766,2,40
峨眉山华容饭店,暂无信息,81,29.572788566727,103.45615702434999,1,17
峨眉山三缘暑庄农家乐,3.4,193,29.581671000000004,103.413998,2,13
花筑·峨眉山四季印象酒店,4.7,156,29.572588308923002,103.45554483817,2,31
峨眉山兰桂居休闲山庄,4.9,142,29.56823300000001,103.417029,2,24
峨眉山榄翠居客栈,暂无信息,125,29.581414965809998,103.41328248844,2,暂无信息
峨眉山温泉饭店,4.6,439,29.571140109559998,103.45800274976999,5,185
峨眉山仙泉山庄,暂无信息,143,29.604367799817,103.33846668472,暂无信息,20
峨眉山仙泉山庄,暂无信息,143,29.604367799817,103.33846668472,暂无信息,20
峨眉山飘香饭店,4.5,566,29.54363180441,103.33997288347,2,12
峨眉山可以山庄,4.9,192,29.569139939554,103.41563793843001,2,28
峨眉山秋水度假山庄,暂无信息,97,29.587713269133,103.43844942889,2,15
峨眉山秋水度假山庄,暂无信息,97,29.587713269133,103.43844942889,2,15
峨眉山圣象大酒店,暂无信息,200,29.595384073483,103.38802916521,2,60
福缘·缘起山居(峨眉山五显岗店),4.8,283,29.581786,103.414226,2,20
丽呈别院·峨眉禅泉,4.6,655,29.596283000000003,103.504488,4,52
峨眉山黄湾小镇两间民宿,4.9,164,29.584185,103.450857,2,20
峨眉山怡情山水酒家,4.1,139,29.578454938003997,103.40532147312,2,28
峨眉山清乐旅店,4.0,98,29.577128,103.400834,2,20
峨眉山好口福饭店,暂无信息,110,29.598193327090996,103.38471772285,2,暂无信息
峨眉山雷洞坪佛光饭店,4.2,199,29.545043663227002,103.33991453145,2,21
峨眉山雅阁酒店,4.7,234,29.585651613604004,103.29874493437,2,43
峨眉山美食美客快捷酒店,4.7,243,29.581931544695,103.4142555008,2,18
峨眉山生态茶艺园,4.7,153,29.578542,103.403135,2,52
峨眉山悦来旅饭店,4.9,157,29.573293795728997,103.45851752027001,2,16
峨眉山开全休闲庄,暂无信息,110,29.605071582838,103.33919131135,暂无信息,20
峨眉山壹·望金顶度假山庄,4.0,199,29.572207,103.413254,2,暂无信息
峨眉山秀山饭店,4.7,131,29.568969,103.441255,2,90
峨眉山客来居酒店,4.7,86,29.57314641768,103.45689947733,2,14
峨眉山洁雅酒店,暂无信息,289,29.579288344369,103.41450889640998,2,30
峨眉山原舍酒店,4.7,165,29.57168900000001,103.454824,2,32
峨眉山雷洞坪留香阁饭店,4.5,236,29.543583,103.339684,2,暂无信息
峨眉山映湖山庄客栈,暂无信息,179,29.583880909727,103.41419709155001,2,暂无信息
峨眉山市湖宾饭店,4.7,280,29.577809176581997,103.40285417255,2,22
峨眉山根艺农家乐,暂无信息,171,29.597559000000004,103.38574,2,10
峨眉山根艺农家乐,暂无信息,171,29.597559000000004,103.38574,2,10
峨眉山皇冠酒店,2.5,76,29.607891115679003,103.49210498699,2,120
峨眉山蓬莱别墅酒店,暂无信息,199,29.596851,103.386201,2,10
峨眉山一山归心客栈,4.6,196,29.566985658045997,103.41768370493,2,18
峨眉山水喜客栈,4.9,306,29.587346691482,103.29681019577,2,25
峨眉山峨圣山庄,4.9,248,29.568096,103.41652,2,27
峨眉山九岭岗旅农家乐,3.3,78,29.566345448574,103.35938968487,2,30
峨眉山鑫源酒店,5.0,132,29.587496,103.296732,2,30
峨眉山茗秀雅休闲庄,4.4,108,29.587697185395,103.39117418601,2,24
峨眉山添泰休闲庄,暂无信息,130,29.584624,103.45129,2,9
峨眉山红秀酒店,4.9,92,29.572189721359,103.45522747571998,2,14
峨眉山和缘宾馆,4.0,90,29.603792,103.492252,2,30
峨眉山叠翠逍遥山庄,4.1,141,29.596989,103.384051,2,50
峨眉山雷洞坪天秀饭店,4.4,160,29.544114673062,103.33980266412,2,50
峨眉山芳茜苑休闲庄,暂无信息,341,29.574101,103.411257,2,14
峨眉山芳茜苑休闲庄,暂无信息,341,29.574101,103.411257,2,14
峨眉山自然休闲庄,暂无信息,130,29.571356,103.41481,2,22
峨眉山陶森苑休闲庄,暂无信息,190,29.567744441336004,103.41706415658001,2,17
峨眉山佳门客栈,暂无信息,336,29.58850300000001,103.444595,2,10
峨眉山IN·栖度假公寓,4.8,128,29.585847,103.450373,2,30
峨眉山君龚民宿,暂无信息,222,29.584104,103.451211,2,暂无信息
峨眉山竹云仙居休闲庄,暂无信息,141,29.599257,103.283539,2,22
峨眉山鑫海宇乐休闲庄,暂无信息,213,29.603486,103.288198,1,24
峨眉山梵尘居客栈,暂无信息,170,29.586714,103.44793,2,6
峨眉山拾欢客栈,暂无信息,131,29.583942,103.451463,2,3
峨眉山来是佛山庄,暂无信息,269,29.601812,103.285775,2,20
峨眉山纯院·良宿酒店,4.8,256,29.583638,103.479868,4,25
峨眉山缘栖智家酒店,5.0,171,29.585601,103.445819,2,8
峨眉山清音雅舍,4.9,234,29.578949,103.405188,3,37
峨眉山凡舍民宿,暂无信息,159,29.585089,103.456382,2,3
峨眉山凡舍民宿,暂无信息,159,29.585089,103.456382,2,3
峨眉山杏雅苑客栈,4.8,159,29.590538,103.443365,2,8
峨眉山锦里假日酒店,4.0,183,29.597248501222,103.4935691368,暂无信息,80
峨眉山顺鑫小筑酒店,4.4,110,29.572391332054,103.45513613781999,2,33
峨眉山王子假日酒店,4.7,226,29.591093041394,103.29658650582,2,20
峨眉山温馨小筑客栈,暂无信息,120,29.587938,103.444128,2,10
峨眉山欣安里民宿,4.6,141,29.586049,103.450767,暂无信息,20
峨眉山凯瑞酒店,2.1,92,29.596655344769,103.52734277281999,2,41
峨眉山大清帝国民宅,暂无信息,439,29.63202,103.402561,2,7
峨眉山栖居休闲庄,暂无信息,165,29.602833,103.285862,2,32
峨眉山栖居休闲庄,暂无信息,165,29.602833,103.285862,2,暂无信息
峨眉山海庭客栈,暂无信息,292,29.584355,103.450805,2,3
峨眉山龙怡山庄,暂无信息,146,29.598302316353003,103.30016842172,暂无信息,30
峨眉山峨溪秋月山庄,暂无信息,238,29.607291,103.359331,暂无信息,20
峨眉山半轮月山庄,暂无信息,207,29.59128774346,103.29707333504,暂无信息,暂无信息
峨眉山铭钰客栈,4.9,107,29.584104,103.451211,2,8
峨眉山阳光酒店,4.5,209,29.581810452166,103.41443280113,2,50
峨眉山溪水人家休闲庄,暂无信息,175,29.606265000000004,103.325771,暂无信息,20
峨眉山可可木酒店,4.9,120,29.572471000000004,103.457898,2,19
峨眉山峨眉月山庄,暂无信息,271,29.572302725310998,103.41768419333,2,16
峨眉山峨眉月山庄,暂无信息,271,29.572302725310998,103.41768419333,2,16
峨眉山金源酒店,暂无信息,86,29.571856288752,103.45860384896,1,32
峨眉山悦宾酒店,4.9,85,29.572332484319,103.45438571684,2,40
峨眉山圣水酒店,3.9,115,29.576153,103.411028,暂无信息,92
峨眉山墨客·自在酒店,4.8,176,29.597196854436003,103.38606284274,暂无信息,26
峨眉山大坪休闲庄,暂无信息,131,29.572445329458,103.41870734248,暂无信息,16
峨眉山忆家假日酒店,暂无信息,184,29.599812056798,103.38083485701999,暂无信息,22
峨眉山忆家假日酒店,暂无信息,184,29.599812056798,103.38083485701999,暂无信息,22
峨眉山王三姐休闲庄,暂无信息,110,29.600086,103.381641,暂无信息,13
峨眉山王三姐休闲庄,暂无信息,110,29.600086,103.381641,暂无信息,13
峨眉山春语酒店,暂无信息,208,29.585649487685,103.41201004532,暂无信息,23
峨眉山万年宾馆三号楼,暂无信息,152,29.597709175411,103.38543729778,2,58
峨眉山林海飞雪酒店,4.4,145,29.587239285724,103.29862786939002,暂无信息,25
峨眉山圣缘山庄,暂无信息,169,29.597248,103.386703,2,30
峨眉山静逸楼休闲庄,暂无信息,137,29.587142,103.299106,暂无信息,12
峨眉山缘来聚休闲庄,暂无信息,104,29.599341,103.379598,暂无信息,15
峨眉山缘来聚休闲庄,暂无信息,104,29.599341,103.379598,暂无信息,15
峨眉山云中阁休闲庄,暂无信息,111,29.586685,103.298845,2,20
峨眉山云中阁休闲庄,暂无信息,111,29.586685,103.298845,2,20
峨眉山才华酒店,暂无信息,189,29.581877598263997,103.41429027242,暂无信息,9
峨眉山杨家苑休闲庄,暂无信息,153,29.604146000000004,103.389489,暂无信息,8
峨嵋山维凤旅饭店,2.4,133,29.565494,103.359345,2,10
峨眉山胜利酒店,4.6,147,29.600583291455003,103.52570028512,2,88
峨眉山宏瑞华酒店,暂无信息,80,29.571632512670003,103.45484912438,2,22
峨眉山桥头饭店,暂无信息,157,29.569423833800002,103.4421583877,2,26
峨眉山静幽休闲庄,暂无信息,144,29.570994,103.446952,2,24
峨眉山观景阁酒店,暂无信息,193,29.569912022128,103.4422359903,2,18
峨眉山神龙大酒店,3.8,147,29.597523273267,103.48839557109,2,99
峨眉山红佛商务大酒店,暂无信息,104,29.60103,103.500368,2,10
峨眉山红佛商务大酒店,暂无信息,104,29.60103,103.500368,2,10
峨眉山四方缘饭店,4.5,106,29.572186,103.454742,暂无信息,26
峨眉山四方缘饭店,4.5,106,29.572186,103.454742,暂无信息,26
如家酒店(峨眉山步行街店),4.6,124,29.603966298157,103.49241288501,2,94
峨眉山情缘休闲庄,暂无信息,186,29.586608,103.298239,2,15
峨眉山晨曦苑,暂无信息,189,29.605602,103.329947,2,16
峨眉山晨曦苑,暂无信息,189,29.605602,103.329947,2,16
峨眉山田园牧歌休闲山庄,暂无信息,199,29.602061,103.285437,2,14
峨眉山尚9商务酒店,4.5,118,29.605139902617,103.49003896685998,2,35
峨眉山见祥休闲庄,暂无信息,139,29.568714271824998,103.4162055673,暂无信息,12
乐山熊玉琼公寓,暂无信息,283,29.58469,103.45043,暂无信息,1
峨眉山原乡美宿民宿,暂无信息,187,29.589381,103.442322,2,暂无信息
乐山肖琼芳公寓(峨眉蝶博物馆分店),暂无信息,176,29.584564,103.451195,暂无信息,3
乐山肖琼芳公寓(峨眉蝶博物馆分店),暂无信息,176,29.584564,103.451195,暂无信息,3
峨眉山遇见你民宿,4.9,197,29.585296000000003,103.456511,2,6
峨眉山会心居休闲庄,暂无信息,179,29.595578000000003,103.291339,2,30
峨眉山会心居休闲庄,暂无信息,179,29.595578000000003,103.291339,2,30
峨眉山卷舒堂度假酒店,4.7,198,29.569016,103.466208,4,184
峨眉山墨庄·不壹酒店,4.8,345,29.626654,103.498536,4,114
峨眉山风林月山庄,4.8,231,29.604416932463998,103.37218992993,2,25
峨眉山云水瑶客栈,4.9,149,29.587945,103.295635,2,暂无信息
峨眉山柳双妹民宿,暂无信息,165,29.586013,103.447708,2,5
峨眉山森呼吸民宿,4.9,199,29.586261,103.445172,2,10
峨眉山悦舍精品酒店,4.8,215,29.579208,103.469579,4,58
峨眉山悦客之家,暂无信息,287,29.584565,103.44924,2,30
峨眉山那次民宿,暂无信息,268,29.58501,103.451595,2,3
峨眉山那次民宿,暂无信息,268,29.58501,103.451595,2,暂无信息
峨眉山蜀秀山庄,暂无信息,221,29.598964,103.284649,2,30
峨眉山中峰休闲庄,暂无信息,192,29.574439,103.411951,2,6
五悦·悦心酒店(峨眉山黄湾小镇店),4.8,206,29.583772,103.452088,2,32
峨眉山茗山旅馆,3.5,81,29.579316163764,103.46626996513001,2,6
峨眉山峪水湾客栈,暂无信息,146,29.587305,103.446116,2,10
峨眉山万森·瑜程酒店,暂无信息,102,29.573247,103.458483,2,18
峨眉山万森·瑜程酒店,暂无信息,102,29.573247,103.458483,2,18
峨眉山欣瑞达休闲庄,暂无信息,153,29.595283,103.283872,2,35
峨眉山欣瑞达休闲庄,暂无信息,153,29.595283,103.283872,2,35
峨眉山MissHouse优享公寓,暂无信息,189,29.584635,103.449922,2,10
峨眉山曾记饭店,暂无信息,102,29.569763,103.459666,暂无信息,14
峨眉山福来居,暂无信息,105,29.570297999076,103.45759327275,暂无信息,20
峨眉山橙堡假日酒店,4.7,185,29.579842,103.479414,4,58
峨眉山简·居民宿,4.8,273,29.5894363739,103.442529506,2,7
峨眉山龙九休闲庄,暂无信息,173,29.60348,103.28691,2,13
峨眉山龙九休闲庄,暂无信息,173,29.60348,103.28691,2,暂无信息
峨眉山书香年华酒店,4.8,246,29.61527700000001,103.497888,4,54
峨眉山紫竹度假休闲庄,暂无信息,144,29.573787,103.411925,2,12
乐山游人居客栈,暂无信息,267,29.584604,103.45081,暂无信息,2
乐山峨眉半山合圣别院,暂无信息,250,29.602333,103.37205,暂无信息,暂无信息
洪雅远山云驿民宿,4.6,881,29.592342,103.258237,3,22
峨眉山雨山居酒店,4.3,112,29.575924044988,103.45155541546998,2,30
峨眉山草根人家酒店,暂无信息,179,29.573147370419502,103.45759520028,1,21
峨眉山石榴民宿,暂无信息,223,29.58734,103.440214,2,暂无信息
峨眉山民生酒店,4.1,343,29.545372051107996,103.33997790139,2,暂无信息
峨眉山初心别苑客栈,暂无信息,223,29.587172,103.444047,2,10
峨眉山忆年华民宿,暂无信息,317,29.584768,103.448907,2,2
乐山杨朱丽公寓(府前街分店),暂无信息,537,29.607004,103.49099,暂无信息,1
乐山峨眉.乐山同小区多套房公寓(夏荷村分店),暂无信息,420,29.588829,103.52728,暂无信息,1
峨眉山爱尚逸家酒店,4.6,139,29.600476315603,103.49991902058001,2,61
峨眉山百家福民宿,暂无信息,131,29.585922,103.447088,2,4
峨眉山康来馨民宿,暂无信息,293,29.585137,103.449258,2,7
峨眉山可遇·思墅温泉民宿,暂无信息,3573,29.588177,103.472252,3,5
峨眉山小驻客栈,暂无信息,153,29.584508000000003,103.451706,2,暂无信息
峨眉山龙凤休闲庄,4.5,143,29.58799590585,103.39085422858,2,10
峨眉山云雅酒店,4.8,127,29.584021000000003,103.452477,2,11
峨眉山悦途民宿,暂无信息,276,29.587467,103.44582,2,8
峨眉山品善家园客栈,4.8,161,29.585139,103.456976,2,18
峨眉山弥宿,4.9,246,29.58613,103.450753,2,10
乐山峨眉山的小妮子客栈,暂无信息,317,29.587406,103.44546,暂无信息,1
乐山峨眉山的小妮子客栈,暂无信息,317,29.587406,103.44546,暂无信息,1
峨眉山陌野民宿,4.8,144,29.586413,103.445417,2,8
峨眉山雷洞坪奇香居饭店,4.4,184,29.544850146642,103.33986527588002,2,30
峨眉山归宿客栈,4.9,141,29.584086,103.452451,2,10
峨眉山果果居民宿,暂无信息,176,29.588377,103.444286,2,暂无信息
峨眉山灵境别院,4.6,380,29.576356,103.452032,2,28
峨眉山丛山民宿,暂无信息,1100,29.58663,103.446349,2,5
峨眉山朝暮居民宿,暂无信息,219,29.587203,103.444519,2,6
峨眉山梵云居民宿,5.0,320,29.58628,103.444962,2,6
峨眉山君银民宿,暂无信息,164,29.583942,103.451463,2,6
峨眉山千寻山居客栈,4.9,206,29.586559,103.447865,2,15
峨眉山松蓝酒店,4.9,328,29.571516,103.45333,2,11
乐山乐山罗德清客栈,暂无信息,149,29.602192,103.37238,暂无信息,3
乐山彭老五农家乐,暂无信息,158,29.574278000000003,103.424225,暂无信息,9
乐山彭老五农家乐,暂无信息,158,29.574278000000003,103.424225,暂无信息,9
峨眉山万年宾馆五号楼,暂无信息,210,29.597222,103.386251,2,28
峨眉山万年宾馆五号楼,暂无信息,210,29.597222,103.386251,2,28
峨眉山竹间私汤民宿,4.6,574,29.575737,103.447725,3,33
峨眉山神水大酒店,4.5,115,29.599513202999,103.49962224865999,2,88
乐山乐山山吾舍客栈,暂无信息,254,29.584105,103.45121,暂无信息,1
乐山乐山山吾舍客栈,暂无信息,254,29.584105,103.45121,暂无信息,1
峨眉山花家过客栈,4.9,149,29.572675,103.458551,2,18
峨眉山天天酒店,暂无信息,55,29.571828000000004,103.454827,暂无信息,11
峨眉山凡雨轩客栈,暂无信息,199,29.585782,103.445676,2,12
峨眉山爱米酒店,4.9,159,29.585817,103.445851,2,10
峨眉山暮雪客栈,暂无信息,183,29.58663,103.446349,2,5
峨眉山途居民宿,暂无信息,216,29.587444,103.440759,2,7
峨眉山山居日记民宿,4.9,204,29.582189,103.446221,2,19
峨眉山黄湾小镇驼铃民宿,暂无信息,234,29.587128000000003,103.443291,暂无信息,6
欢墅 · 精品度假别墅(峨眉山青庐店),4.6,1893,29.575920146602996,103.4670909884,4,3
途窝假日酒店(峨眉山万年寺店),暂无信息,161,29.596895,103.380872,3,30
峨眉山清音谷度假庄园,4.7,192,29.581694,103.417747,2,暂无信息
安宿里回到峨眉套房酒店,4.5,383,29.573384030059994,103.45880123168,4,118
乐山家里来客民宿(4号店),暂无信息,182,29.583662,103.44966,暂无信息,1
乐山家里来客民宿(4号店),暂无信息,182,29.583662,103.44966,暂无信息,1
乐山乐山缘木居·峨眉山·景区民宿NO.9,暂无信息,309,29.587557,103.44332,暂无信息,1
峨眉山两行情书民宿,暂无信息,336,29.586116,103.450713,2,2
峨眉山恬雅居民宿,暂无信息,208,29.587264,103.4453,暂无信息,5
乐山黄淑琼公寓,暂无信息,230,29.584164,103.45075,暂无信息,1
乐山期待眼神公寓(黄湾村分店),暂无信息,409,29.58535,103.44373,暂无信息,1
乐山梦之月公寓,暂无信息,445,29.6034,103.515495,暂无信息,1
峨眉山金桂苑休闲庄,暂无信息,169,29.593967,103.289247,暂无信息,20
峨眉山理想苑民宿,暂无信息,251,29.585996,103.450677,2,8
峨眉山理想苑民宿,暂无信息,251,29.585996,103.450677,2,8
峨眉山子钰民宿,暂无信息,110,29.581483,103.469784,2,6
峨眉山爱伊家民宿,暂无信息,228,29.587153000000004,103.444692,2,7
峨眉山荷堂揽月温泉民宿,4.8,645,29.585112,103.412183,4,11
峨眉山华怡山庄,暂无信息,204,29.571026,103.429054,2,暂无信息
峨眉山思缘旅店,暂无信息,124,29.57668300000001,103.402556,2,10
峨眉山雅居旅馆,暂无信息,69,29.604078322441,103.49880078469,暂无信息,11
峨眉山雅居旅馆,暂无信息,69,29.604078322441,103.49880078469,暂无信息,11
峨眉山浮生宿迹·民宿,4.8,515,29.585904,103.450024,4,40
峨眉山怡蓝民宿,暂无信息,142,29.586788,103.447897,2,4
峨眉山等你民宿,暂无信息,146,29.584218,103.454454,2,13
峨眉山海天客栈,暂无信息,161,29.603176,103.287933,2,28
乐山乐山shilingli客栈,暂无信息,268,29.5869,103.44395,暂无信息,1
峨眉山嘉乐酒店,4.7,268,29.580098,103.254057,2,暂无信息
峨眉山怡游民宿,4.9,146,29.588367,103.442375,2,7
峨眉山吾栖民宿,暂无信息,167,29.58850300000001,103.444595,2,暂无信息
乐山陀飞轮公寓,暂无信息,426,29.593418,103.48611,暂无信息,1
乐山陀飞轮公寓,暂无信息,426,29.593418,103.48611,暂无信息,1
峨眉山嘉利家民宿,暂无信息,199,29.585032,103.454423,3,6
乐山熊月平公寓,暂无信息,415,29.603487,103.28819,暂无信息,3
乐山熊月平公寓,暂无信息,415,29.603487,103.28819,暂无信息,3
乐山峨眉山米畔民宿,暂无信息,176,29.584955,103.441986,暂无信息,1
乐山峨眉山米畔民宿,暂无信息,176,29.584955,103.441986,暂无信息,1
乐山云上民宿(佛光东路分店),暂无信息,233,29.625967,103.50133,暂无信息,暂无信息
乐山云上民宿(佛光东路分店),暂无信息,233,29.625967,103.50133,暂无信息,暂无信息
峨眉山雅之家客栈,暂无信息,186,29.588874,103.443686,2,9
乐山小城谣居公寓,暂无信息,180,29.583704,103.45109,暂无信息,1
乐山伍齐公寓,暂无信息,329,29.583998,103.4502,暂无信息,1
乐山伍齐公寓,暂无信息,329,29.583998,103.4502,暂无信息,1
乐山红梅民宿,暂无信息,401,29.580921000000004,103.44263,暂无信息,1
乐山格蕾民宿,暂无信息,262,29.571812,103.445045,暂无信息,暂无信息
乐山格蕾民宿,暂无信息,262,29.571812,103.445045,暂无信息,1
乐山冬冬妹公寓(6号店),暂无信息,1383,29.587164,103.45088,暂无信息,1
乐山冬冬妹公寓,暂无信息,362,29.587624,103.44628,暂无信息,2
乐山乐途恋上我家民宿(3号店),暂无信息,240,29.584,103.451324,暂无信息,1
乐山峨眉山悦山民宿(3号店),暂无信息,850,29.583733,103.464005,暂无信息,1
乐山肖和公寓（僧门街店）,暂无信息,399,29.58638,103.4475,暂无信息,1
乐山峨眉山小兵文化驼铃民宿,暂无信息,321,29.58758,103.4425,暂无信息,1
乐山峨眉山小兵文化驼铃民宿,暂无信息,321,29.58758,103.4425,暂无信息,1
乐山峨眉山归已民宿,暂无信息,224,29.587423,103.44242,暂无信息,1
乐山峨眉山归已民宿,暂无信息,224,29.587423,103.44242,暂无信息,1
峨眉山福元民宿,暂无信息,538,29.585868,103.447003,2,5
乐山滴水流年民宿,暂无信息,1048,29.577724,103.28391,暂无信息,2
乐山滴水流年民宿,暂无信息,1048,29.577724,103.28391,暂无信息,2
乐山冬冬妹公寓(7号店),暂无信息,597,29.587624,103.44628,暂无信息,2
乐山峨眉山悦山民宿(4号店),暂无信息,816,29.583733,103.464005,暂无信息,1
乐山峨眉山悦山民宿(2号店),暂无信息,845,29.583748,103.464005,暂无信息,1
乐山点点公寓,暂无信息,382,29.585531,103.445816,暂无信息,1
乐山点点公寓,暂无信息,382,29.585531,103.445816,暂无信息,1
乐山伍齐公寓(2号店),暂无信息,452,29.58412,103.45132,暂无信息,1
乐山阅山度假小墅公寓(8号店),暂无信息,500,29.586237,103.48631,暂无信息,1
乐山雁翎街43号民宿,暂无信息,437,29.585403000000003,103.450516,暂无信息,2
乐山心静民宿(2号店),暂无信息,625,29.584105,103.45121,暂无信息,1
乐山TOWO上品(峨眉山报国寺店)公寓(峨眉山-中峰寺分店),暂无信息,354,29.577208,103.41236,暂无信息,3
乐山逸忆民宿,暂无信息,150,29.585585,103.44729,暂无信息,1
乐山野泉民宿(3号店),暂无信息,401,29.585342,103.444145,暂无信息,1
峨眉山花间隐民宿,暂无信息,216,29.585196000000003,103.457019,2,10
乐山峨眉山悦山民宿(5号店),暂无信息,847,29.583733,103.464005,暂无信息,1
乐山月牙民宿,暂无信息,701,29.584557,103.45128,暂无信息,1
乐山小杨梅公寓,暂无信息,815,29.586252,103.44506,暂无信息,2
乐山悠家民宿（乐山店）,暂无信息,208,29.586237,103.48631,暂无信息,1
乐山梁栩苾公寓(2号店),暂无信息,226,29.585497,103.443726,暂无信息,1
乐山然然馨家名宿公寓,暂无信息,143,29.582962,103.451805,暂无信息,1
乐山乐山熊海明公寓,暂无信息,305,29.587416,103.44561,暂无信息,1
乐山乐山熊海明公寓,暂无信息,305,29.587416,103.44561,暂无信息,1
乐山若里民宿,暂无信息,459,29.588228000000004,103.44451,暂无信息,1
乐山缦悦湾公寓,暂无信息,143,29.585426,103.45443,暂无信息,1
乐山漫居/七楼公寓(3号店),暂无信息,703,29.60585,103.50293,暂无信息,1
乐山子逸的小窝公寓,暂无信息,266,29.584105,103.45121,暂无信息,1
乐山峨眉山栖息名宿公寓,暂无信息,293,29.586632,103.442924,暂无信息,1
乐山黄湾小镇漫居民宿(5号店),暂无信息,186,29.585522,103.45322,暂无信息,1
乐山梁栩苾公寓,暂无信息,164,29.58631,103.443535,暂无信息,1
乐山安睿公寓,暂无信息,362,29.58524,103.443344,暂无信息,2
乐山冬冬妹公寓(3号店),暂无信息,1136,29.587164,103.45088,暂无信息,1
乐山不二家民宿,暂无信息,495,29.58507,103.45595,暂无信息,1
乐山峨眉山舒安民宿,暂无信息,318,29.587957,103.44517,暂无信息,3
乐山西门吃鸡公寓,暂无信息,253,29.584509000000004,103.45433,暂无信息,1
乐山峨眉山轻风小筑民宿,暂无信息,262,29.585588,103.44354,暂无信息,1
乐山全宿公寓（峨眉山秀湖青庐）,暂无信息,218,29.576332,103.46695,暂无信息,63
乐山全宿公寓（峨眉山秀湖青庐）,暂无信息,218,29.576332,103.46695,暂无信息,63
乐山罗幺妹儿客栈,暂无信息,221,29.58168400000001,103.41323,暂无信息,暂无信息
乐山罗幺妹儿客栈,暂无信息,221,29.58168400000001,103.41323,暂无信息,1
乐山君银民宿,暂无信息,187,29.581274,103.45134,暂无信息,4
乐山阅山度假小墅公寓(9号店),暂无信息,535,29.586237,103.48631,暂无信息,暂无信息
乐山随风飘落公寓,暂无信息,435,29.585402,103.44347,暂无信息,暂无信息
乐山格蕾民宿(2号店),暂无信息,436,29.571812,103.445045,暂无信息,1
乐山峨眉山驼铃民宿(2号店),暂无信息,306,29.58758,103.4425,暂无信息,1
乐山石晴雯公寓(2号店),暂无信息,281,29.588001,103.44494,暂无信息,暂无信息
乐山阳光的特色小洋房公寓,暂无信息,592,29.604507,103.514084,暂无信息,暂无信息
乐山峨眉山蘑菇居民宿,暂无信息,353,29.585468,103.4478,暂无信息,1
乐山峨眉山蘑菇居民宿,暂无信息,353,29.585468,103.4478,暂无信息,暂无信息
乐山兴福民宿(3号店),暂无信息,79,29.577135,103.40242,暂无信息,1
乐山兴福民宿(3号店),暂无信息,79,29.577135,103.40242,暂无信息,1
乐山石三哥公寓,暂无信息,339,29.586378000000003,103.45077,暂无信息,1
乐山乐山奇杰民宿,暂无信息,419,29.584105,103.45121,暂无信息,1
乐山小马民宿,暂无信息,2904,29.583593,103.46401,暂无信息,暂无信息
乐山乐山虾老板客栈,暂无信息,133,29.584475,103.451904,暂无信息,1
乐山小米家花园套房公寓(东湖湿地公园分店),暂无信息,816,29.605598,103.51699,暂无信息,1
乐山小米家花园套房公寓(东湖湿地公园分店),暂无信息,816,29.605598,103.51699,暂无信息,暂无信息
峨眉山红珠山宾馆,4.7,779,29.57031,103.4496529,5,暂无信息
峨眉山饭店(灵秀温泉),4.6,359,29.57112275,103.4579336,4,345
峨眉山大酒店,4.7,400,29.57307889,103.4533153,4,458
峨眉山祥云度假酒店,4.4,198,29.577133422136,103.45206801136999,2,60
峨眉山浩南度假精品民宿,4.7,284,29.586206,103.447641,3,98
峨眉山欣隆门精品酒店,4.8,348,29.544693,103.339969,3,22
峨眉山苏坡水乡酒店,暂无信息,203,29.603709,103.287299,2,29
峨眉山苏坡水乡酒店,暂无信息,203,29.603709,103.287299,2,29
峨眉山一含民宿,暂无信息,164,29.58458,103.449949,2,4
乐山峨眉山途悦度假公寓,暂无信息,176,29.584105,103.45121,暂无信息,3
峨眉山佛光假日酒店,3.2,75,29.598415913101,103.52749604878001,暂无信息,34
峨眉山禾润民宿,暂无信息,176,29.585138,103.454396,2,7
乐山峨眉山市勿忘我民宿,暂无信息,314,29.5841,103.45121,暂无信息,1
乐山肖雄峰公寓(2号店),暂无信息,334,29.587557,103.44501,暂无信息,1
乐山云雅客栈(峨洪路分店),暂无信息,255,29.586668,103.446106,暂无信息,1
峨眉山夜语民宿,暂无信息,499,29.584561,103.451346,2,5
乐山峨眉照花丽堂主公寓(秀湖大道分店),暂无信息,1617,29.5829,103.479866,暂无信息,1
乐山峨眉照花丽堂主公寓(秀湖大道分店),暂无信息,1617,29.5829,103.479866,暂无信息,1
乐山峨眉山市宜舍民宿,暂无信息,305,29.583391,103.452,暂无信息,1
乐山峨眉山市宜舍民宿,暂无信息,305,29.583391,103.452,暂无信息,1
Q加·花涧凤缘酒店(峨眉山报国寺店),4.9,133,29.572813809821,103.45810378003999,2,28
城市便捷酒店(峨眉山店),4.8,199,29.572298,103.456246,2,70
峨眉山仙悦国际酒店(源头氡温泉),4.5,141,29.583781888912,103.41269382433,3,43
峨眉山金顶山庄,3.7,661,29.526664300303,103.34279342429001,3,100
峨眉山幸福树酒店,4.8,109,29.573045377000998,103.45781885447,3,62
峨眉山金顶大酒店(悦霞楼),4.6,1222,29.52735,103.343513,3,75
峨眉山水云间度假酒店,暂无信息,288,29.581439726118003,103.4135163907,2,25
乐山蜗牛民宿,暂无信息,647,29.583593,103.46401,暂无信息,暂无信息
乐山蜗牛民宿,暂无信息,647,29.583593,103.46401,暂无信息,暂无信息
乐山北欧印象客栈,暂无信息,155,29.58598,103.45097,暂无信息,1
洪雅七里坪智选假日酒店,4.7,652,29.566656,103.261695,4,暂无信息
维也纳酒店（峨眉山高铁站店）,4.8,133,29.579705,103.470378,3,140
乐山峨眉山四叶草民宿,暂无信息,178,29.587996,103.44152,暂无信息,1
乐山半斤和八两度假别墅(4号店),暂无信息,3134,29.589632,103.47221,暂无信息,1
乐山黄湾河畔美宿公寓,暂无信息,307,29.584105,103.45121,暂无信息,暂无信息
峨眉山杨家大院度假公寓,暂无信息,321,29.598383,103.283224,暂无信息,暂无信息
峨眉山友情岁月客栈,暂无信息,369,29.586862,103.44303,2,6
峨眉山简单点民宿,暂无信息,222,29.584396,103.453521,2,9
乐山峨眉山悦山民宿(8号店),暂无信息,829,29.58381,103.462715,暂无信息,暂无信息
峨眉山嘉扬民宿,暂无信息,301,29.587626,103.442582,2,5
峨眉山山归十里民宿,暂无信息,154,29.58470100000001,103.452334,2,4
欢墅 · 度假别墅（峨眉山名山路店）,4.5,408,29.583594,103.464011,4,暂无信息
乐山避暑️自在清静民宿半轮秋民宿,暂无信息,437,29.58995800000001,103.44298,暂无信息,1
雅鑫度假酒店(峨眉山七里坪店),4.8,415,29.565733,103.262143,2,65
峨眉山迎鑫山庄,暂无信息,148,29.606769,103.342598,2,19
峨眉山蜗牛旅居度假公寓,暂无信息,481,29.579778000000005,103.470332,3,30
盛世樊花艺术酒店(峨眉山阿富尔连锁店),4.8,169,29.601071,103.510011,2,38
峨眉山方聚设计师民宿,4.9,545,29.586997,103.449221,4,50
峨眉山良栖·山院客栈,4.6,92,29.57178,103.45467,2,25
峨眉山来凤大酒店,暂无信息,114,29.572843968038,103.45331144705,2,49
乐山紫陌客栈,暂无信息,150,29.58587600000001,103.44593,暂无信息,4
乐山紫陌客栈,暂无信息,150,29.58587600000001,103.44593,暂无信息,4
乐山峨眉山偶遇客栈,暂无信息,150,29.584913,103.449905,暂无信息,15
乐山峨眉山偶遇客栈,暂无信息,150,29.584913,103.449905,暂无信息,15
峨眉山天和大酒店,4.6,132,29.601049304184,103.50861542665001,3,150
峨眉山索道公司招待所,暂无信息,172,29.53819600000001,103.342121,2,31
峨眉山金顶大酒店,4.3,867,29.527108183041,103.34462453667,3,100
峨眉山U&WEHOME客栈,暂无信息,88,29.572127,103.453574,暂无信息,20
峨眉山浥栈民宿,5.0,188,29.585118,103.454517,2,6
乐山峨眉山小红妹客栈(府前街分店),暂无信息,419,29.572529,103.28628,暂无信息,16
乐山乐山缘木居·峨眉山·景区民宿(朝拜路分店),暂无信息,1011,29.578968,103.469444,暂无信息,1
乐山温学梅公寓(2号店),暂无信息,777,29.586159,103.44672,暂无信息,1
乐山静雅阁民宿,暂无信息,103,29.582304,103.44651,暂无信息,5
乐山静雅阁民宿,暂无信息,103,29.582304,103.44651,暂无信息,5
乐山邓琳度假别墅,暂无信息,3800,29.507002000000004,103.40091,暂无信息,1
峨眉山普思假日酒店,4.6,119,29.572843336714,103.45847174542,2,26
峨眉山玉娥山庄,暂无信息,254,29.577996,103.405081,暂无信息,35
峨眉山天鹅大酒店,暂无信息,117,29.571812,103.454984,2,76
峨眉山珀荟酒店,4.7,172,29.598745,103.52742,暂无信息,76
峨眉山漫雅温泉度假酒店,4.8,146,29.569207,103.466538,4,130
峨眉山峨峰酒店,4.0,112,29.572602000000003,103.455552,暂无信息,20
李氏居旅馆,暂无信息,57,29.603683,103.49581,暂无信息,18
峨眉山七里坪怡然居,暂无信息,119,29.587148,103.298678,暂无信息,11
峨眉山香缘休闲庄,暂无信息,108,29.58693400000001,103.29894,暂无信息,20
乐山悠家-民宿(23号店),暂无信息,445,29.583593,103.46401,暂无信息,暂无信息
乐山悠家-民宿(23号店),暂无信息,445,29.583593,103.46401,暂无信息,1
峨眉山玖零酒店,3.5,69,29.606791,103.490158,暂无信息,33
峨眉山玖零酒店,3.5,69,29.606791,103.490158,暂无信息,33
峨眉山腾飞大酒店,4.4,152,29.571999,103.45492,暂无信息,20
峨眉山腾飞大酒店,4.4,152,29.571999,103.45492,暂无信息,20
灵秀印象酒店(峨眉报国寺店),4.5,440,29.57088580811,103.45511418673,3,51
峨眉山兄弟缘休闲庄,暂无信息,189,29.579301,103.447844,2,10
峨眉山灵栖院子酒店,4.8,121,29.573807,103.45943,3,26
峨眉山御泉湾·倚泉居酒店,4.8,684,29.568516,103.464921,4,164
峨眉山印主题山与湖酒店,4.9,476,29.583594,103.464011,4,55
乐山夏木行旅度假别墅(保宁街分店),暂无信息,3292,29.583012,103.463806,暂无信息,1
峨眉山鹿露民宿,暂无信息,141,29.586677,103.443461,2,30
乐山归朴民宿,暂无信息,230,29.586723,103.44298,暂无信息,1
乐山路客精品民宿BF5690,暂无信息,239,29.585201,103.45066,暂无信息,1
乐山罗幺妹儿公寓(峨洪路分店),暂无信息,355,29.584133,103.45121,暂无信息,1
乐山罗幺妹儿公寓(峨洪路分店),暂无信息,355,29.584133,103.45121,暂无信息,1
峨眉山梵米林酒店,4.6,198,29.573371,103.458511,1,20
峨眉山行缘居养心公寓,4.7,192,29.596105308317,103.38573670848,2,30
峨眉山芷筑温泉度假酒店,4.7,1458,29.57889500000001,103.476375,5,68
乐山峨眉山悦山民宿(10号店),暂无信息,595,29.58381,103.462715,暂无信息,1
乐山溪间民宿,暂无信息,388,29.581392,103.43705,暂无信息,1
乐山溪间民宿,暂无信息,388,29.581392,103.43705,暂无信息,1
乐山峨眉山初见山民宿(2号店),暂无信息,199,29.584105,103.45121,暂无信息,2
乐山峨眉山初见山民宿(2号店),暂无信息,199,29.584105,103.45121,暂无信息,2
乐山峨眉山温馨小屋,暂无信息,461,29.572746,103.4642,暂无信息,1
乐山潘友明客栈(三清方分店),暂无信息,164,29.584105,103.45121,暂无信息,1
乐山古镇民宿古镇民宿(峨洪路分店),暂无信息,150,29.581709000000004,103.45217,暂无信息,1
乐山古镇民宿古镇民宿(峨洪路分店),暂无信息,150,29.581709000000004,103.45217,暂无信息,1
乐山陈雄公寓,暂无信息,377,29.579931,103.47334,暂无信息,1
乐山陈雄公寓,暂无信息,377,29.579931,103.47334,暂无信息,1
乐山峨眉山上下进出口处售票大厅公寓,暂无信息,219,29.583387,103.43984,暂无信息,1
乐山朱小一公寓,暂无信息,254,29.568169,103.465675,暂无信息,1
乐山朱小一公寓,暂无信息,254,29.568169,103.465675,暂无信息,1
乐山梦之源客栈,暂无信息,1058,29.586988,103.44214,暂无信息,1
乐山尹小弘公寓,暂无信息,556,29.587461,103.44323,暂无信息,1
若里小姐公寓(峨眉山常超街店),暂无信息,268,29.589175,103.441754,暂无信息,1
乐山馨悦山庄客栈,暂无信息,151,29.581938,103.41429,暂无信息,2
乐山馨悦山庄客栈,暂无信息,151,29.581938,103.41429,暂无信息,2
乐山爱泡温泉的佳佳公寓,暂无信息,359,29.568632,103.466064,暂无信息,5
乐山BeckyO客栈,暂无信息,596,29.587423,103.44418,暂无信息,1
乐山悠家峨眉山店2公寓,暂无信息,684,29.583593,103.46401,暂无信息,1
乐山半夏悠居客栈,暂无信息,387,29.587097,103.44582,暂无信息,1
乐山半夏悠居客栈,暂无信息,387,29.587097,103.44582,暂无信息,暂无信息
乐山卢珊珊公寓(报国路分店),暂无信息,176,29.57877,103.44989,暂无信息,1
乐山卢珊珊公寓(报国路分店),暂无信息,176,29.57877,103.44989,暂无信息,暂无信息
乐山活泼的浪味仙公寓,暂无信息,263,29.568169,103.465675,暂无信息,3
乐山活泼的浪味仙公寓,暂无信息,263,29.568169,103.465675,暂无信息,3
乐山桃花屋民宿(峨眉蝶博物馆分店),暂无信息,215,29.584204,103.453926,暂无信息,暂无信息
乐山听风者公寓(朝拜路分店),暂无信息,328,29.579262,103.46951,暂无信息,1
乐山听风者公寓(朝拜路分店),暂无信息,328,29.579262,103.46951,暂无信息,1
乐山主Y公寓,暂无信息,372,29.600965,103.510475,暂无信息,1
乐山主Y公寓,暂无信息,372,29.600965,103.510475,暂无信息,1
乐山仝5959客栈,暂无信息,310,29.587862,103.443565,暂无信息,1
乐山迁宿....客栈,暂无信息,193,29.588243,103.44111,暂无信息,2
乐山团团围住客栈,暂无信息,308,29.58769,103.44257,暂无信息,暂无信息
乐山团团围住客栈,暂无信息,308,29.58769,103.44257,暂无信息,1
乐山峨眉山五显岗佛光民宿,暂无信息,284,29.581636,103.41442,暂无信息,8
乐山峨眉悦客之家民宿,暂无信息,191,29.581047,103.48133,暂无信息,6
乐山峨眉悦客之家民宿,暂无信息,191,29.581047,103.48133,暂无信息,6
乐山绿意盎然(๑˙ー˙๑)客栈,暂无信息,456,29.5841,103.45121,暂无信息,1
乐山ABCD63公寓,暂无信息,295,29.580103,103.47022,暂无信息,1
乐山青竹苑特色民宿(2号店),暂无信息,147,29.566763,103.44992,暂无信息,3
乐山徐四哥公寓,暂无信息,254,29.570484000000004,103.46594,暂无信息,1
乐山徐四哥公寓,暂无信息,254,29.570484000000004,103.46594,暂无信息,1
乐山惜缘@公寓,暂无信息,309,29.588417,103.44231,暂无信息,暂无信息
乐山枕山栖套一套二/近高铁/温泉旁/峨眉公寓,暂无信息,340,29.572672,103.46346,暂无信息,10
乐山枕山栖套一套二/近高铁/温泉旁/峨眉公寓,暂无信息,340,29.572672,103.46346,暂无信息,10
峨眉山亦宿民宿,暂无信息,331,29.585453,103.444801,暂无信息,2
乐山禅居民宿(子午街分店),暂无信息,176,29.58692700000001,103.450386,暂无信息,暂无信息
乐山禅居民宿(子午街分店),暂无信息,176,29.58692700000001,103.450386,暂无信息,1
乐山峨眉山十方民宿,暂无信息,342,29.586391,103.444336,暂无信息,1
乐山峨眉山十方民宿,暂无信息,342,29.586391,103.444336,暂无信息,暂无信息
乐山悠家乐山店公寓(2号店),暂无信息,921,29.583113,103.45879,暂无信息,1
峨眉山乐为客轻居酒店,4.9,212,29.573240297597998,103.45836113763,2,18
乐山山雨来公寓,暂无信息,411,29.584213,103.45121,暂无信息,1
乐山山雨来公寓,暂无信息,411,29.584213,103.45121,暂无信息,1
乐山桃花屋民宿(峨洪路分店),暂无信息,179,29.585342,103.44414,暂无信息,1
乐山峨眉山悦山民宿(9号店),暂无信息,850,29.58381,103.462715,暂无信息,1
峨眉山雅苑旅馆,暂无信息,56,29.600861,103.507102,暂无信息,10
峨眉山雅苑旅馆,暂无信息,56,29.600861,103.507102,暂无信息,10
峨眉山云境别院,4.8,454,29.596976891699,103.28566027362,2,30
峨眉山老百姓旅馆,暂无信息,58,29.59833900000001,103.501308,暂无信息,18
峨眉山老百姓旅馆,暂无信息,58,29.59833900000001,103.501308,暂无信息,暂无信息
乐山峨眉山归已民宿(2号店),暂无信息,195,29.587164,103.44252,暂无信息,1
乐山峨眉山归已民宿(2号店),暂无信息,195,29.587164,103.44252,暂无信息,1
峨眉山世纪阳光大酒店,4.8,448,29.600854372293,103.50794484043,5,310
峨眉山月光印象酒店,4.7,219,29.596004,103.515876,2,91
乐山太极人生张公寓,暂无信息,817,29.576838,103.45681,暂无信息,1
乐山峨眉山博睿雅居民宿,暂无信息,318,29.569304,103.442116,暂无信息,1
乐山故人居公寓,暂无信息,296,29.568169,103.465675,暂无信息,1
乐山故人居公寓,暂无信息,296,29.568169,103.465675,暂无信息,1
乐山夏加尔丁丁猫公寓(2号店),暂无信息,673,29.57174,103.46526,暂无信息,1
乐山夏加尔丁丁猫公寓(2号店),暂无信息,673,29.57174,103.46526,暂无信息,1
乐山蜗牛民宿(秀湖大道分店),暂无信息,335,29.586237,103.48631,暂无信息,1
峨眉山莲华山庄,暂无信息,161,29.572219996918,103.41320999595,2,23
乐山小马民宿(2号店),暂无信息,2906,29.582893,103.4638,暂无信息,1
峨眉山一生悦舍民宿,暂无信息,407,29.595808,103.487521,暂无信息,4
乐山黄湾小镇雅居民宿,暂无信息,319,29.58513,103.44393,暂无信息,1
乐山黄湾小镇雅居民宿,暂无信息,319,29.58513,103.44393,暂无信息,1
乐山刘成美客栈,暂无信息,985,29.577692,103.45045,暂无信息,1
乐山阅山度假小墅公寓(11号店),暂无信息,554,29.586327,103.48646,暂无信息,1
乐山阅山度假小墅公寓(11号店),暂无信息,554,29.586327,103.48646,暂无信息,1
乐山开心家园梁公寓,暂无信息,176,29.57749,103.47136,暂无信息,10
乐山开心家园梁公寓,暂无信息,176,29.57749,103.47136,暂无信息,10
乐山静新苑客栈(峨洪路分店),暂无信息,257,29.58345,103.44407,暂无信息,1
乐山丁香民宿-,暂无信息,268,29.584105,103.45121,暂无信息,1
乐山张艳军幸福之家客栈,暂无信息,588,29.589111,103.46655,暂无信息,1
乐山宁妹儿客栈,暂无信息,114,29.583277,103.44589,暂无信息,12
乐山秀禾公寓(秀湖大道分店),暂无信息,380,29.569466,103.46617,暂无信息,1
乐山张信中客栈,暂无信息,512,29.584282,103.45116,暂无信息,1
乐山陈来秀客栈,暂无信息,442,29.585327000000003,103.44724,暂无信息,1
乐山安雅居民宿,暂无信息,255,29.584267,103.45179,暂无信息,暂无信息
乐山小粘家公寓(3号店),暂无信息,268,29.587227,103.44394,暂无信息,6
乐山余生很长客栈,暂无信息,197,29.57518,103.4377,暂无信息,1
乐山峨眉山景区客舍轩民宿,暂无信息,301,29.584572,103.45046,暂无信息,1
峨眉山心港湾酒店,4.1,81,29.605073,103.488173,暂无信息,88
乐山峨眉山继祥居休闲庄,暂无信息,793,29.60451500000001,103.337437,暂无信息,22
乐山啊彭公寓,暂无信息,249,29.568169,103.465675,暂无信息,1
乐山啊彭公寓,暂无信息,249,29.568169,103.465675,暂无信息,1
峨眉山金徕酒店,4.7,117,29.571615773399,103.45456725009001,暂无信息,20
乐山缘木居·峨眉山·景区民宿(7号店),暂无信息,342,29.587557,103.44332,暂无信息,1
乐山丁香民宿-(峨洪路分店),暂无信息,265,29.584105,103.45121,暂无信息,1
峨眉山家苑商务酒店,3.6,90,29.598185,103.52699,暂无信息,15
乐山二月客栈(峨洪路分店),暂无信息,213,29.605566,103.37069,暂无信息,2
乐山小羽118公寓,暂无信息,325,29.580994,103.46978,暂无信息,1
乐山小羽118公寓,暂无信息,325,29.580994,103.46978,暂无信息,1
峨眉山璞澜丽呈酒店,4.8,461,29.566319,103.464211,4,289
乐山峨眉山市朴宿公寓(3号店),暂无信息,193,29.58462,103.45296,暂无信息,2
峨眉山清洁酒店,4.6,75,29.577498,103.402837,2,15
峨眉山鸿来居饭店,4.5,119,29.568392,103.442724,3,62
乐山米畔民宿,暂无信息,253,29.58469,103.4523,暂无信息,1
乐山熊玥客栈,暂无信息,244,29.587856,103.44539,暂无信息,1
乐山熊玥客栈,暂无信息,244,29.587856,103.44539,暂无信息,1
乐山(茜茜)峨眉山七里坪半山度假公寓(峨洪路分店),暂无信息,553,29.595564000000003,103.29924,暂无信息,1
乐山(茜茜)峨眉山七里坪半山度假公寓(峨洪路分店),暂无信息,553,29.595564000000003,103.29924,暂无信息,1
峨眉山山神酒店,4.8,119,29.572989142963,103.45784596841999,3,暂无信息
乐山潘友明客栈,暂无信息,267,29.58468400000001,103.4536,暂无信息,1
乐山峨眉山黄湾小镇山雨民宿,暂无信息,311,29.587564,103.44109,暂无信息,1
乐山AMGE63公寓,暂无信息,474,29.574526,103.46086,暂无信息,1
乐山峨眉山上下进出口处售票大厅客栈(峨洪路分店),暂无信息,452,29.583733,103.45114,暂无信息,1
乐山谢诗媛客栈,暂无信息,763,29.587107,103.44347,暂无信息,1
乐山爱之家888公寓,暂无信息,210,29.603258,103.52199,暂无信息,4
乐山爱伊家民宿(食为天美食街店),暂无信息,440,29.5947,103.48688,暂无信息,暂无信息
乐山锦尚公寓(24号店),暂无信息,179,29.568169,103.465675,暂无信息,1
峨眉山万年寺春园饭店,暂无信息,264,29.598469,103.383976,暂无信息,暂无信息
峨眉山鑫茂商务酒店,暂无信息,80,29.601638,103.509486,暂无信息,暂无信息
乐山凡雨轩客栈,暂无信息,174,29.60607700000001,103.48294,暂无信息,4
乐山凡雨轩客栈,暂无信息,174,29.60607700000001,103.48294,暂无信息,暂无信息
乐山木槿亿家公寓(峨洪路分店),暂无信息,425,29.588686,103.442406,暂无信息,1
乐山木槿亿家公寓(峨洪路分店),暂无信息,425,29.588686,103.442406,暂无信息,1
乐山乐途居民宿(峨洪路分店),暂无信息,185,29.5841,103.45121,暂无信息,1
乐山黄湾小镇尚悦山居民宿,暂无信息,336,29.585365000000003,103.45169,暂无信息,1
峨眉山象鼻山庄,暂无信息,383,29.59510536292,103.47226182495001,2,31
乐山好莱屋客栈,暂无信息,454,29.5841,103.45121,暂无信息,1
乐山然然馨家名宿公寓(燕青街分店),暂无信息,152,29.585653000000004,103.45311,暂无信息,1
乐山然然馨家名宿公寓(燕青街分店),暂无信息,152,29.585653000000004,103.45311,暂无信息,1
乐山然然馨家名宿公寓(燕青街分店),暂无信息,152,29.585653000000004,103.45311,暂无信息,1
乐山青竹苑特色民宿,暂无信息,110,29.566763,103.44992,暂无信息,3
乐山峨眉山报国寺公寓,暂无信息,276,29.568169,103.465675,暂无信息,1
乐山峨眉山报国寺公寓,暂无信息,276,29.568169,103.465675,暂无信息,1
乐山爱做梦の小白同学客栈,暂无信息,174,29.585516,103.45293,暂无信息,1
峨眉山浅茶居客栈,4.8,358,29.589998,103.443598,2,13
峨眉山兴鑫商务酒店,5.0,134,29.628398,103.501126,2,20
乐山桃花屋民宿,暂无信息,178,29.584526,103.452095,暂无信息,1
乐山桃花屋民宿,暂无信息,178,29.584526,103.452095,暂无信息,1
乐山武叶客栈,暂无信息,427,29.520306,103.46527,暂无信息,1
乐山武叶客栈,暂无信息,427,29.520306,103.46527,暂无信息,1
乐山嚴宅公寓(秀湖大道分店),暂无信息,456,29.568169,103.465675,暂无信息,暂无信息
乐山嚴宅公寓(秀湖大道分店),暂无信息,456,29.568169,103.465675,暂无信息,1
乐山峨眉山馨昀阁民宿(子午街分店),暂无信息,322,29.587038,103.45126,暂无信息,1
乐山峨眉山馨昀阁民宿(子午街分店),暂无信息,322,29.587038,103.45126,暂无信息,1
乐山子逸的小窝公寓(峨洪路分店),暂无信息,450,29.584572,103.45505,暂无信息,暂无信息
乐山子逸的小窝公寓(峨洪路分店),暂无信息,450,29.584572,103.45505,暂无信息,1
乐山迁宿....公寓(峨洪路分店),暂无信息,270,29.584105,103.45121,暂无信息,1
乐山孙桂芳公寓,暂无信息,414,29.585123,103.47874,暂无信息,1
乐山孙桂芳公寓,暂无信息,414,29.585123,103.47874,暂无信息,1
乐山愉享家暖心精品民宿,暂无信息,288,29.566622,103.4639,暂无信息,1
乐山愉享家暖心精品民宿,暂无信息,288,29.566622,103.4639,暂无信息,1
乐山让子弹飞度假别墅,暂无信息,1882,29.582945,103.463295,暂无信息,1
峨眉山生旺楼酒店,暂无信息,150,29.593519,103.289274,暂无信息,30
峨眉山生旺楼酒店,暂无信息,150,29.593519,103.289274,暂无信息,30
峨眉山李胖农家乐,暂无信息,123,29.579861,103.292753,暂无信息,10
峨眉山李胖农家乐,暂无信息,123,29.579861,103.292753,暂无信息,10
乐山驿路时光精品民宿(胜利大道北段分店),暂无信息,585,29.601656,103.519936,暂无信息,1
峨眉山莲平休闲庄,暂无信息,151,29.574492,103.424537,暂无信息,20
乐山爱做梦の小白同学客栈(杜门街分店),暂无信息,176,29.58662600000001,103.44329,暂无信息,1
乐山万万的温馨之家公寓,暂无信息,253,29.615963,103.482056,暂无信息,1
乐山枕山栖套一套二/近高铁/温泉旁/峨眉公寓(名山南路分店),暂无信息,308,29.562052,103.45917,暂无信息,1
峨眉山久盼民宿,暂无信息,187,29.585931,103.447021,2,3
乐山缘木居·峨眉山·景区民宿NO.4,暂无信息,937,29.577196,103.46806,暂无信息,1
乐山缘木居·峨眉山·景区民宿NO.4,暂无信息,937,29.577196,103.46806,暂无信息,1
乐山云舍云舒公寓(秀湖大道分店),暂无信息,313,29.568224,103.46564,暂无信息,1
乐山云舍云舒公寓(秀湖大道分店),暂无信息,313,29.568224,103.46564,暂无信息,1
峨眉山半山云岭度假酒店,4.7,169,29.598707,103.283839,2,暂无信息
峨眉山瑜伽温泉酒店,4.6,266,29.572987,103.453384,4,226
乐山梦之源客栈(峨洪路分店),暂无信息,419,29.579649,103.43174,暂无信息,1
乐山梦之源客栈(峨洪路分店),暂无信息,419,29.579649,103.43174,暂无信息,1
乐山原调公寓,暂无信息,222,29.568169,103.465675,暂无信息,1
乐山欧雅公寓(佛光西路店),暂无信息,396,29.62553,103.50176,暂无信息,1
乐山欧雅公寓(佛光西路店),暂无信息,396,29.62553,103.50176,暂无信息,1
乐山欧雅公寓(夏荷村分店),暂无信息,423,29.588829,103.52728,暂无信息,1
乐山欧雅公寓(夏荷村分店),暂无信息,423,29.588829,103.52728,暂无信息,1
乐山爱做梦の小白同学公寓(秀湖大道分店),暂无信息,282,29.568169,103.465675,暂无信息,1
乐山爱做梦の小白同学公寓(秀湖大道分店),暂无信息,282,29.568169,103.465675,暂无信息,1
乐山BeckyO客栈(峨洪路分店),暂无信息,612,29.585184,103.444115,暂无信息,1
乐山BeckyO客栈(峨洪路分店),暂无信息,612,29.585184,103.444115,暂无信息,1
峨眉山半岭上木舍,4.9,262,29.574613,103.284169,暂无信息,20
乐山峨眉山半山雲阁休闲庄,暂无信息,196,29.594548,103.292768,暂无信息,暂无信息
乐山峨眉山半山雲阁休闲庄,暂无信息,196,29.594548,103.292768,暂无信息,暂无信息
骏怡酒店(峨眉山北门桥店),4.9,143,29.611391,103.492165,2,43
乐山黄诗琦公寓,暂无信息,319,29.587055,103.29686,暂无信息,1
乐山黄诗琦公寓,暂无信息,319,29.587055,103.29686,暂无信息,1
乐山青竹苑公寓(3号店),暂无信息,182,29.579062,103.448006,暂无信息,1
乐山青竹苑公寓(3号店),暂无信息,182,29.579062,103.448006,暂无信息,1
乐山归隐公寓(7号店),暂无信息,296,29.568169,103.465675,暂无信息,1
乐山包佳辉公寓,暂无信息,339,29.568169,103.465675,暂无信息,1
乐山包佳辉公寓,暂无信息,339,29.568169,103.465675,暂无信息,1
乐山悠家（峨眉山10）公寓,暂无信息,460,29.583752,103.46413,暂无信息,1
峨眉山市安康居,暂无信息,83,29.602156,103.502594,暂无信息,80
乐山吴志国公寓,暂无信息,310,29.58506,103.454185,暂无信息,1
乐山云雅公寓(峨洪路分店),暂无信息,156,29.58826,103.460365,暂无信息,1
乐山云雅公寓(峨洪路分店),暂无信息,156,29.58826,103.460365,暂无信息,1
峨眉山居·家民宿,暂无信息,151,29.576882,103.452367,暂无信息,18
乐山峨眉时光民宿,暂无信息,152,29.568258,103.465675,暂无信息,1
峨眉山山峯酒店,暂无信息,182,29.593492,103.292948,暂无信息,暂无信息
乐山诗与远方A公寓,暂无信息,163,29.566252,103.46418,暂无信息,1
乐山诗与远方A公寓,暂无信息,163,29.566252,103.46418,暂无信息,1
峨眉山般若·莲客栈,4.8,71,29.572745,103.457705,2,15
乐山沙塔精品客栈,暂无信息,146,29.58495,103.45475,暂无信息,1
乐山沙塔精品客栈,暂无信息,146,29.58495,103.45475,暂无信息,1
乐山品宜休闲庄客栈,暂无信息,233,29.598291,103.28123,暂无信息,1
乐山品宜休闲庄客栈,暂无信息,233,29.598291,103.28123,暂无信息,1
乐山熊玉琼公寓（雁翎街分店）,暂无信息,277,29.58469,103.45043,暂无信息,1
乐山熊玉琼公寓（雁翎街分店）,暂无信息,277,29.58469,103.45043,暂无信息,1
见微·峨眉民宿,4.8,808,29.574214,103.286352,2,20
乐山方镭洁公寓,暂无信息,269,29.568169,103.465675,暂无信息,1
乐山方镭洁公寓,暂无信息,269,29.568169,103.465675,暂无信息,1
乐山梁家辉客栈,暂无信息,269,29.58817,103.29573,暂无信息,1
峨眉山幽雅印象酒店,4.8,201,29.573322,103.453629,暂无信息,26
峨眉山明媚酒店,4.6,139,29.569797,103.458078,暂无信息,31
乐山续秋公寓(峨洪路店),暂无信息,144,29.585949,103.44625,暂无信息,1
乐山续秋公寓(峨洪路店),暂无信息,144,29.585949,103.44625,暂无信息,1
乐山峨眉山不远山庄,暂无信息,174,29.5864083915659,103.44111254612301,暂无信息,20
乐山同宿民宿,暂无信息,148,29.606062,103.49023,暂无信息,1
乐山同宿民宿,暂无信息,148,29.606062,103.49023,暂无信息,1
峨眉山丽呈睿轩酒店,4.8,312,29.566406,103.464579,4,228
乐山峨眉山游几间民宿(9号店),暂无信息,675,29.58317000000001,103.47007,暂无信息,1
峨眉山清香商务酒店,4.0,80,29.597083,103.526166,暂无信息,15
峨眉山万年寺迎客轩酒店,4.3,124,29.597335,103.38661,暂无信息,34
峨眉山万年寺迎客轩酒店,4.3,124,29.597335,103.38661,暂无信息,34
峨眉山山月客栈,暂无信息,55,29.612324,103.500527,暂无信息,3
峨眉山观景楼快捷酒店,暂无信息,108,29.587175,103.296355,暂无信息,30
峨眉山温泉源头大酒店,4.2,291,29.583499,103.413506,3,166
峨眉山紫雾度假山庄,4.9,230,29.598440000000004,103.291204,暂无信息,31
乐山拾光屋民宿(高磷路分店),暂无信息,299,29.547735,103.430855,暂无信息,1
乐山拾光屋民宿(高磷路分店),暂无信息,299,29.547735,103.430855,暂无信息,1
峨眉山兴隆客栈,暂无信息,67,29.596857,103.520654,2,20
乐山荷堂禅意轻奢民宿,暂无信息,467,29.58509,103.41223,暂无信息,5
峨眉山涌泉休闲庄,暂无信息,119,29.587055,103.296858,2,12
DreamTravel旅途公寓(峨眉山七里坪店),4.5,646,29.570921,103.263115,暂无信息,30
峨眉山爱伊家家庭公寓,暂无信息,408,29.607748,103.50931,暂无信息,11
乐山钦燕平客栈,暂无信息,455,29.584105,103.45121,暂无信息,1
乐山钦燕平客栈,暂无信息,455,29.584105,103.45121,暂无信息,1
乐山smile依梦公寓,暂无信息,273,29.579866,103.48055,暂无信息,1
乐山鱼跃家民宿(峨洪路分店),暂无信息,191,29.576519,103.43439,暂无信息,1
乐山震不碎的心公寓,暂无信息,667,29.589890000000004,103.442406,暂无信息,暂无信息
乐山震不碎的心公寓,暂无信息,667,29.589890000000004,103.442406,暂无信息,1
乐山七兮斋主公寓,暂无信息,334,29.568790000000003,103.46436,暂无信息,1
乐山南山居公寓,暂无信息,129,29.589554,103.47217,暂无信息,1
乐山南山居公寓,暂无信息,129,29.589554,103.47217,暂无信息,1
峨眉山鱼跃家民宿,暂无信息,192,29.589876,103.443855,2,暂无信息
峨眉山途窝假日庄园(观景楼),4.7,301,29.577207,103.412364,3,暂无信息
乐山梵禅舍客栈,暂无信息,200,29.58646,103.44339,暂无信息,1
乐山隐居繁华老板公寓,暂无信息,146,29.585701,103.45112,暂无信息,1
乐山拾光屋民宿,暂无信息,264,29.578274,103.443535,暂无信息,暂无信息
峨眉山木子酒店,4.9,232,29.60450800000001,103.514086,3,暂无信息
峨眉山秀湖半岛熊猫主题度假酒店,4.6,219,29.58272100000001,103.480709,暂无信息,50
乐山陆玥萧萧民宿,暂无信息,201,29.566557,103.464226,暂无信息,2
乐山李海容客栈(峨洪路分店),暂无信息,415,29.597399,103.453705,暂无信息,1
乐山李海容客栈(峨洪路分店),暂无信息,415,29.597399,103.453705,暂无信息,1
乐山峪水湾客栈(十方普贤分店),暂无信息,219,29.587902000000003,103.44406,暂无信息,1
乐山麻友渡边公寓,暂无信息,233,29.584105,103.45121,暂无信息,1
乐山麻友渡边公寓,暂无信息,233,29.584105,103.45121,暂无信息,1
峨眉山莫奈艺术酒店,4.9,525,29.583522,103.479404,2,暂无信息
峨眉山初城民宿,暂无信息,211,29.584165,103.451211,2,7
峨眉山佑客酒店,4.5,147,29.596998,103.516717,2,88
峨眉山锦绣山庄,暂无信息,173,29.598481,103.383515,2,暂无信息
峨眉山一方民宿,暂无信息,331,29.57708400000001,103.528891,2,4
峨眉山碧翠竹酒店,4.8,150,29.579527,103.406187,暂无信息,17
峨眉山华生酒店(禅林温泉·雅舍),4.6,392,29.59626,103.503727,4,142
峨眉山智选假日酒店,4.7,417,29.587262,103.449433,4,203
峨眉山万年寺天然居酒店,4.0,121,29.597916405396,103.38575763792,暂无信息,50
峨眉山杜鹃花大酒店,3.9,1982,29.603192,103.301051,3,暂无信息
峨眉山蓝色帆船主题酒店,4.7,104,29.573171,103.458157,2,27
峨眉山爱琴海岸主题酒店,4.8,132,29.572465,103.457964,3,50
峨眉山戚豆腐客栈,4.8,257,29.575102,103.284516,暂无信息,20
峨眉山顺峰农家乐,暂无信息,200,29.574413,103.424537,暂无信息,暂无信息
峨眉山顺峰农家乐,暂无信息,200,29.574413,103.424537,暂无信息,7
汉庭酒店(峨眉山店),4.6,154,29.598382,103.527452,2,83
峨眉山市黑白熊猫文化客栈,暂无信息,1017,29.58365,103.479863,暂无信息,31
峨眉山金瑞花园酒店,4.6,194,29.609839711505,103.4885017859,3,163
峨眉山半山居,4.9,533,29.55966500000001,103.423171,4,8
峨眉山红珠山宾馆晴云旅舍,4.7,502,29.57018841,103.4495078,2,70
峨眉山名山大酒店(泰式风情楼),4.3,238,29.544553000000004,103.34068,3,40
乐山峨眉山红旗饭店,暂无信息,103,29.597876174843,103.38574903721701,2,暂无信息
峨眉山野山情缘住宿,暂无信息,138,29.601841,103.372603,2,10
峨眉山顺丰旅社,暂无信息,67,29.597924,103.501881,2,暂无信息
峨眉山顺丰旅社,暂无信息,67,29.597924,103.501881,2,暂无信息
峨眉山金桐客栈,暂无信息,90,29.527816,103.440376,2,18
峨眉山金桐客栈,暂无信息,90,29.527816,103.440376,2,18
峨眉山上座酒店,4.8,211,29.576179,103.45164,2,14
峨眉山粒粒馨宾馆,暂无信息,116,29.587175,103.437628,2,暂无信息
峨眉仙山度假酒店,暂无信息,138,29.581846,103.414305,2,20
峨眉山金樽山庄,暂无信息,144,29.598387,103.356782,2,30
峨眉山金樽山庄,暂无信息,144,29.598387,103.356782,2,30
峨眉山市光阳旅社,暂无信息,71,29.60608400000001,103.568624,2,90
峨眉山瑞家酒店,暂无信息,80,29.571631,103.453557,2,暂无信息
峨眉山风情之家客栈,暂无信息,450,29.50566,103.400813,2,暂无信息
峨眉山佳源商务酒店,4.9,103,29.601944,103.508896,2,21
凯优威尔养生文化主题酒店(峨眉山晚香楼店),4.1,209,29.597072,103.386758,3,38
拈花溪峨眉山精品温泉民宿,4.7,689,29.574283,103.460919,3,53
峨眉山逸鑫商务酒店,暂无信息,80,29.603298,103.49858,2,22
峨眉山朝拜酒店,4.5,99,29.581656,103.467426,2,15
峨眉山恒邦艾美度假酒店,4.7,781,29.575212,103.463796,5,338
峨眉山鸿运旅馆,暂无信息,31,29.5988,103.507354,2,暂无信息
峨眉山3077客栈,4.3,191,29.571623270512,103.45544334118,2,40
峨眉山好多熊猫酒店,4.6,177,29.582827671992,103.47912120813,3,32
峨眉山绿云酒店,3.1,245,29.581637365020004,103.41442401233299,2,暂无信息
峨眉山恒迈酒店,4.8,474,29.59963,103.5208,5,311
峨眉山龙云避暑山庄,暂无信息,425,29.582252,103.289855,2,暂无信息
峨眉山龙云避暑山庄,暂无信息,425,29.582252,103.289855,2,暂无信息
峨眉山育贤旅社,暂无信息,87,29.597388,103.491209,2,暂无信息
峨眉山育贤旅社,暂无信息,87,29.597388,103.491209,2,暂无信息
洪雅禅驿·半山院子,4.7,917,29.566167,103.263419,3,111
峨眉山神木山庄,暂无信息,329,29.598847,103.299753,3,32
峨眉山林森休闲庄,暂无信息,125,29.578997,103.290972,2,暂无信息
峨眉山林森休闲庄,暂无信息,125,29.578997,103.290972,2,暂无信息
峨眉山益华旅馆,暂无信息,47,29.599605,103.493362,2,10
峨眉山清雅山庄,暂无信息,237,29.573916,103.286581,2,12
峨眉山利苑酒店,5.0,98,29.571798,103.454431,2,暂无信息
峨眉山澜柏酒店,4.7,140,29.597127231258998,103.50201341809999,2,暂无信息
峨眉山拜愚庭云涧温泉艺术酒店,4.7,609,29.575505,103.451862,3,49
峨眉山蓝光己庄酒店,4.8,1599,29.578579324288,103.48219813365,5,198
峨眉山俏皮猴主题文化酒店,4.4,207,29.573104395927,103.45736765919001,2,40
峨眉山如舍客栈,4.6,99,29.580472638906997,103.46689803297,2,38
峨眉山秀湖度假山庄,4.6,292,29.578998132657,103.4727024757,3,121
峨眉山清湖山庄,3.8,153,29.57780551,103.4111834,2,19
峨眉山清湖山庄,3.8,153,29.57780551,103.4111834,2,19
峨眉山友宜大酒店,4.4,127,29.602841110424,103.49513837672,暂无信息,62
TOWO上品酒店(峨眉山零公里店),4.2,258,29.586603000000004,103.296813,3,48
峨眉山QQe家酒店,4.6,158,29.599272640878,103.39666712428,2,72
峨眉山太子坪旅饭店,2.2,249,29.532755,103.336505,暂无信息,暂无信息
峨眉山悟舍度假公寓,暂无信息,346,29.60224,103.516914,暂无信息,1
峨眉山悟舍度假公寓,暂无信息,346,29.60224,103.516914,暂无信息,1
峨眉山碧云居农家乐,暂无信息,159,29.585701263017,103.29804611832,暂无信息,12
峨眉山碧云居农家乐,暂无信息,159,29.585701263017,103.29804611832,暂无信息,暂无信息
峨眉山金山饭店,4.3,155,29.545129,103.339898,2,8
峨眉山喜来阁快捷酒店,3.8,80,29.605109,103.491361,暂无信息,20
峨眉山宾乐饭店,暂无信息,153,29.597147,103.386026,2,83
峨眉山宾乐饭店,暂无信息,153,29.597147,103.386026,2,83
峨眉山佛光宾馆,3.9,88,29.600163362653,103.49401313865,暂无信息,暂无信息
峨眉山隐舍精品酒店,4.8,243,29.582339098311,103.4783571932,3,30
峨眉山雨田酒店,4.6,185,29.581793375051,103.41436612621,2,25
峨眉山景然酒店,4.6,79,29.573075,103.458762,3,48
峨眉山凯悦商务酒店,4.5,130,29.606997,103.490264,2,44
峨眉山山水涧养生庄园,4.1,122,29.448854,103.371616,暂无信息,20
峨眉山么么哒民宿,4.6,438,29.57986,103.475896,暂无信息,20
乐山依泉山庄,暂无信息,101,29.604558,103.337576,2,19
乐山依泉山庄,暂无信息,101,29.604558,103.337576,2,19
峨眉山恒缘商务宾馆,4.1,95,29.582563,103.470923,暂无信息,11
峨眉山常乐酒店,暂无信息,124,29.584951,103.297337,暂无信息,暂无信息
峨眉山常乐酒店,暂无信息,124,29.584951,103.297337,暂无信息,暂无信息
峨眉山廊桥客栈,4.7,104,29.580476,103.467944,暂无信息,20
峨眉山竹韵小院,4.8,116,29.576017,103.448083,2,36
峨眉山嘉友酒店,暂无信息,158,29.59533900000001,103.38214,暂无信息,暂无信息
峨眉山静山居休闲庄,暂无信息,219,29.572992,103.428596,暂无信息,23
峨眉山零公里紫仙居休闲酒店,4.7,255,29.587248,103.297223,2,40
峨眉山山城山庄,暂无信息,139,29.599399,103.299989,2,20
峨眉山雅梦阁酒店,暂无信息,166,29.598605,103.284687,2,30
峨眉山鸿兆酒店,4.9,149,29.572774,103.458321,2,25
峨眉山村上驿站,暂无信息,264,29.596374745216604,103.292447736951,暂无信息,暂无信息
峨眉山村上驿站,暂无信息,264,29.596374745216604,103.292447736951,暂无信息,暂无信息
乐山金沟林避暑山庄,暂无信息,141,29.4880211074759,103.377497981747,暂无信息,暂无信息
乐山中峰别院,暂无信息,432,29.5738310149223,103.41260847477899,暂无信息,暂无信息
峨眉山车场假日酒店,4.5,153,29.587434,103.297111,暂无信息,40
峨眉山乐雅轩酒店,暂无信息,134,29.58704,103.29875,暂无信息,40
峨眉山翠竹山庄,暂无信息,154,29.579062971109995,103.40570142221,2,30
峨眉山半山月休闲庄,3.9,80,29.588244,103.391425,2,25
峨眉山镜湖山庄,暂无信息,256,29.581013540536603,103.41329920530899,2,暂无信息
峨眉山勐巴拉酒店,4.8,101,29.572282871711,103.4580019142,3,31
峨眉山木香客栈,暂无信息,186,29.572245,103.412682,2,15
峨眉山园达大酒店,4.4,235,29.543476,103.340086,3,46
峨眉山宾馆,4.5,208,29.600140000000003,103.486703,3,暂无信息
峨眉山驿路时光精品民宿,4.9,353,29.594836,103.486888,2,6
