name,lat,lon,star
峨眉山花园城度假酒店,29.579462653555,103.48300584245,4
峨眉山幸福树酒店,29.573045377001,103.45781885447,3
峨眉山绕佛阁度假酒店,29.585869,103.448516,5
峨眉山御泉湾温泉酒店,29.569419,103.465784,5
峨眉山饭店(灵秀温泉),29.57112275,103.4579336,4
丽呈别院·峨眉禅泉,29.596283,103.504488,4
峨眉山大酒店,29.57307889,103.4533153,4
洪雅禅驿·半山院子,29.566167,103.263419,3
峨眉山浮生宿迹·民宿,29.585904,103.450024,4
峨眉山拜愚庭云涧温泉艺术酒店,29.575505,103.451862,3
峨眉山蓝光己庄·悟啦啦主题亲子酒店,29.579401,103.482538,5
峨眉山斯维登度假公寓(峨眉青庐),29.576064567032,103.46649345366,4
洪雅远山云驿民宿,29.592342,103.258237,3
峨眉山印主题山与湖酒店,29.583594,103.464011,4
峨眉山温泉饭店,29.57114010956,103.45800274977,5
峨眉山御泉湾·倚泉居酒店,29.568516,103.464921,4
峨眉山欣隆门精品酒店,29.544693,103.339969,3
城市便捷酒店(峨眉山店),29.572298,103.456246,2
峨眉山荷堂揽月温泉民宿,29.585112,103.412183,4
拈花溪峨眉山精品温泉民宿,29.574283,103.460919,3
峨眉山蓝光己庄酒店,29.578579324288,103.48219813365,5
峨眉山璞澜丽呈酒店,29.566319,103.464211,4
峨眉山漫雅温泉度假酒店,29.569207,103.466538,4
峨眉山逸闲庄度假酒店,29.582434,103.478608,4
峨眉山瑜伽温泉酒店,29.572987,103.453384,4
峨眉山智选假日酒店,29.587262,103.449433,4
峨眉山勐巴拉酒店,29.572282871711,103.4580019142,3
峨眉山隐舍精品酒店,29.582339098311,103.4783571932,3
峨眉山恒迈酒店,29.59963,103.5208,5
维也纳智好酒店(峨眉站水晶广场店),29.601874830207,103.52575716008,4
Q加·花涧凤缘酒店(峨眉山报国寺店),29.572813809821,103.45810378004,2
雷洞坪友好饭店,29.544156,103.339518,2
峨眉山悦舍精品酒店,29.579208,103.469579,4
福缘·缘起山居(峨眉山五显岗店),29.581786,103.414226,2
峨眉山莫奈艺术酒店,29.583522,103.479404,2
Q加·鸽子花儿精品酒店(峨眉山报国寺店),29.573463286198,103.45856652087,2
峨眉山巢壳假日酒店,29.579607,103.479791,2
峨眉山悠途之家主题酒店,29.57263,103.458347,3
峨眉山澜柏酒店,29.597127231259,103.5020134181,2
峨眉山木子酒店,29.604508,103.514086,3
峨眉山梵星山舍,29.585999,103.450237,4
骏怡酒店(峨眉山北门桥店),29.611391,103.492165,2
峨眉山金瑞花园酒店,29.609839711505,103.4885017859,3
峨眉山灵境别院,29.576356,103.452032,2
峨眉山清音谷度假庄园,29.581694,103.417747,2
峨眉山黄湾小镇两间民宿,29.584185,103.450857,2
雅鑫度假酒店(峨眉山七里坪店),29.565733,103.262143,2
峨眉山IN·栖度假公寓,29.585847,103.450373,2
峨眉山千寻山居客栈,29.586559,103.447865,2
峨眉山可可木酒店,29.572471,103.457898,2
峨眉山安境·栖麓轻奢精品客栈,29.587263,103.450236,4
TOWO上品酒店(峨眉山报国寺店),29.573064,103.45798,3
峨眉山醉木溪精品民宿,29.590209,103.442322,2
峨眉山雷洞坪金川大酒店,29.545307,103.340058,2
峨眉山云孚里·云宿云水居,29.586269,103.448376,3
银座隽兰民宿(峨眉山景区店),29.585917,103.443858,3
峨眉山观景温泉汤屋,29.573906,103.453284,5
峨眉山仙味庄主题酒店,29.544222,103.339643,3
宜必思酒店(峨眉山高铁站店),29.57979,103.470044,3
七里坪华生温泉酒店,29.565217,103.262814,4
峨眉山泰迪熊精品酒店,29.57265216045,103.45740610389,3
欢墅度假别墅(峨眉山与湖温泉汤屋店),29.583412547576,103.46427296383,4
峨眉山伴山之宿精品民宿,29.585024,103.455993,3
海韵·幽居(峨眉山大佛禅院店),29.597122,103.503552,2
峨眉山福家酒店,29.58190606604,103.41286247872,2
弄月峨眉山居民宿,29.57443685816,103.45003653133,3
久栖·峨眉山侣途驿栈,29.579438,103.406101,3
峨眉山加瑞森智能酒店,29.600503,103.526728,3
峨眉山苹果居度假酒店,29.569615,103.466475,4
峨眉山清溪别院民宿,29.57904,103.402517,2
峨眉山康嘉逸居·峨嵋园酒店,29.580267,103.470536,3
峨眉山寂然精品民宿,29.576182,103.451389,2
峨眉山丽呈璞寓酒店,29.566344,103.464899,4
峨眉山等风来民宿,29.587279,103.449313,2
峨眉山清音阁雷家大院养生度假酒店,29.577544577098,103.40073744711,2
峨眉山宾馆,29.60014,103.486703,3
五悦·悦心酒店(峨眉山黄湾小镇店),29.583772,103.452088,2
峨眉山珀荟酒店,29.598745,103.52742,
峨眉山纯院·良宿酒店,29.583638,103.479868,4
花筑·峨眉山四季印象酒店,29.572588308923,103.45554483817,2
橡树缘连锁精品主题酒店(峨眉山报国寺店),29.572971259216,103.45668409977,2
峨眉山楠亭轩酒店,29.575821,103.410677,2
峨眉山3077客栈,29.571623270512,103.45544334118,2
峨眉山花家过客栈,29.572675,103.458551,2
峨眉山怡游民宿,29.588367,103.442375,2
峨眉山山居日记民宿,29.582189,103.446221,2
峨眉山凯悦商务酒店,29.606997,103.490264,2
峨眉山途窝假日庄园(观景楼),29.577207,103.412364,3
峨眉山森呼吸民宿,29.586261,103.445172,2
峨眉山遇见你民宿,29.585296,103.456511,2
峨眉山浩南度假精品民宿,29.586206,103.447641,3
峨眉山秀园宾馆,29.602088333195,103.49933996176,3
峨眉山神水大酒店,29.599513202999,103.49962224866,2
峨眉山普思假日酒店,29.572843336714,103.45847174542,2
峨眉山芷筑温泉度假酒店,29.578895,103.476375,5
峨眉山归宿客栈,29.584086,103.452451,2
峨眉山水喜客栈,29.587346691482,103.29681019577,2
峨眉山卷舒堂度假酒店,29.569016,103.466208,4
峨眉山秀湖阳光酒店,29.582955494861,103.47801099545,2
峨眉山山神酒店,29.572989142963,103.45784596842,3
维也纳酒店（峨眉山高铁站店）,29.579705,103.470378,3
峨眉山逸鑫商务酒店,29.603298,103.49858,2
峨眉山恒邦艾美度假酒店,29.575212,103.463796,5
峨眉山上座酒店,29.576179,103.45164,2
峨眉山雷洞坪留香阁饭店,29.543583,103.339684,2
峨眉山金顶大酒店(悦霞楼),29.52735,103.343513,3
峨眉山养心寨酒店,29.590979,103.296686,2
盛世樊花艺术酒店(峨眉山阿富尔连锁店),29.601071,103.510011,2
峨眉山兴鑫商务酒店,29.628398,103.501126,2
峨眉山爱米酒店,29.585817,103.445851,2
峨眉山月亮湾酒店,29.57255,103.457793,2
峨眉山大清帝国民宅,29.63202,103.402561,2
峨眉山尚品酒店,29.581723331297,103.41442392815,2
峨眉山乐为客轻居酒店,29.573240297598,103.45836113763,2
峨眉山浅茶居客栈,29.589998,103.443598,2
峨眉山金顶大酒店,29.527108183041,103.34462453667,3
峨眉山名山大酒店(泰式风情楼),29.544553,103.34068,3
峨眉山浥栈民宿,29.585118,103.454517,2
峨眉山一方民宿,29.577084,103.528891,2
峨眉山金顶山庄,29.526664300303,103.34279342429,3
峨眉山方聚设计师民宿,29.586997,103.449221,4
峨眉山友宜大酒店,29.602841110424,103.49513837672,
峨眉山云海金龙酒店,29.529378,103.342846,3
峨眉山墨庄·不壹酒店,29.626654,103.498536,4
峨眉山秀色饭店,29.57211,103.454879,2
峨眉山零公里紫仙居休闲酒店,29.587248,103.297223,2
峨眉山般若·莲客栈,29.572745,103.457705,2
峨眉山原舍酒店,29.571689,103.454824,2
峨眉山缘栖智家酒店,29.585601,103.445819,2
峨眉山七里坪怡然居,29.587148,103.298678,
峨眉山鱼跃家民宿,29.589876,103.443855,2
峨眉山佑客酒店,29.596998,103.516717,2
峨眉山云境别院,29.596976891699,103.28566027362,2
峨眉山吾栖民宿,29.588503,103.444595,2
峨眉山瑞家酒店,29.571631,103.453557,2
峨眉山月光印象酒店,29.596004,103.515876,2
峨眉山家之旅酒店,29.572283,103.455181,
峨眉山雷洞坪天秀饭店,29.544114673062,103.33980266412,2
峨眉山温泉源头大酒店,29.583499,103.413506,3
峨眉山恬雅居民宿,29.587264,103.4453,
灵秀印象酒店(峨眉报国寺店),29.57088580811,103.45511418673,3
峨眉山世纪阳光大酒店,29.600854372293,103.50794484043,5
洪雅七里坪智选假日酒店,29.566656,103.261695,4
峨眉山竹间私汤民宿,29.575737,103.447725,3
全季酒店(峨眉山店),29.601287,103.504874,3
峨眉山华生酒店(禅林温泉·雅舍),29.59626,103.503727,4
7天连锁酒店(峨眉山好吃街店),29.602984397873,103.49930132493,2
峨眉山红珠山宾馆,29.57031,103.4496529,5
峨眉山天和大酒店,29.601049304184,103.50861542665,3
峨眉山书香年华酒店,29.615277,103.497888,4
峨眉山希乐尔酒店,29.609745,103.506497,3
峨眉山巨峰楼大酒店,29.544285848271,103.33978872343,2
峨眉山半山居,29.559665,103.423171,4
峨眉山蓝色帆船主题酒店,29.573171,103.458157,2
欢墅 · 度假别墅（峨眉山名山路店）,29.583594,103.464011,4
峨眉山好多熊猫酒店,29.582827671992,103.47912120813,3
峨眉山金山饭店,29.545129,103.339898,2
峨眉山橙堡假日酒店,29.579842,103.479414,4
峨眉山丽呈睿轩酒店,29.566406,103.464579,4
峨眉山竹隐苔客栈,29.572171,103.279695,2
汉庭酒店(峨眉山店),29.598382,103.527452,2
峨眉山嘉乐酒店,29.580098,103.254057,2
如家酒店(峨眉山步行街店),29.603966298157,103.49241288501,2
峨眉山简·居民宿,29.5894363739,103.442529506,2
峨眉山仙悦国际酒店(源头氡温泉),29.583781888912,103.41269382433,3
DreamTravel旅途公寓(峨眉山七里坪店),29.570921,103.263115,
峨眉山念庐酒店,29.599516,103.524648,4
峨眉山雷洞坪佛光饭店,29.545043663227,103.33991453145,2
峨眉山佳源商务酒店,29.601944,103.508896,2
峨眉山车场假日酒店,29.587434,103.297111,
峨眉山禅林雅舍酒店,29.574145017231,103.44932775648,2
峨眉山园达大酒店,29.543476,103.340086,3
峨眉山雷洞坪奇香居饭店,29.544850146642,103.33986527588,2
峨眉山弥宿,29.58613,103.450753,2
峨眉山秀湖度假山庄,29.578998132657,103.4727024757,3
安逸158峨眉店,29.600898182578,103.51052514802,2
峨眉山一品饭店,29.576584592403,103.40269982236,2
OYO峨眉山顺利树商旅旅店,29.599976540406,103.52670970218,2
峨眉山平安山庄,29.577569095614,103.41083322468,
峨眉山里好精品民宿,29.606155,103.373913,2
峨眉山环盟快捷酒店,29.603607134665,103.49261773106,2
登巴国际连锁青旅客栈(峨眉山报国寺店),29.573265543662,103.45768433585,2
峨眉山金丝楠博物馆酒店,29.597482,103.490416,3
峨眉山Me+青年旅舍,29.572828,103.457659,2
峨眉山凯宾洲际酒店,29.599924484489,103.52570475143,3
峨眉山竹里馆文化主题酒店,29.586857,103.296724,2
峨眉山然然馨家民宿,29.584345,103.454531,2
峨眉山天逸商务酒店,29.597342,103.50428,2
青未酒店(峨眉山七里坪店),29.572112451518,103.28002621517,2
峨眉山朴宿客栈,29.584396,103.453847,2
斯维登家蜓酒店公寓（峨眉山高铁站店）,29.576721,103.467485,4
峨眉山峨眉记忆,29.602868,103.285844,2
峨眉山山里红酒店,29.587089,103.298619,
峨眉山颐和小宿民宿,29.584395,103.452217,2
峨眉山黄湾小镇不停民宿,29.584175,103.452271,2
峨眉山峨麓酒店,29.572362,103.455834,
峨眉山龙鑫舫庭院·度假酒店,29.573232390294,103.45937096818,3
峨眉山萤火虫民宿,29.58462,103.454556,2
峨眉山红堂旅社,29.606199,103.572411,2
TOWO上品酒店(峨眉山万年寺店),29.597643,103.386058,2
峨眉山阳光酒店,29.581810452166,103.41443280113,2
峨眉山峨圣山庄,29.568096,103.41652,2
峨眉山碧翠竹酒店,29.579527,103.406187,
峨眉山墨客·自在酒店,29.597196854436,103.38606284274,
峨眉山幽雅印象酒店,29.573322,103.453629,
峨眉山心港湾酒店,29.605073,103.488173,
峨眉山欣安里民宿,29.586049,103.450767,
峨眉山云水瑶客栈,29.587945,103.295635,2
峨眉山竹韵小院,29.576017,103.448083,2
峨眉山锦里假日酒店,29.597248501222,103.4935691368,
7天连锁酒店(峨眉山中心店),29.60754457724,103.49215729442,2
峨眉山佛光宾馆,29.600163362653,103.49401313865,
峨眉山秀湖半岛熊猫主题度假酒店,29.582721,103.480709,
峨眉山原乡美宿民宿,29.589381,103.442322,2
峨眉山林海飞雪酒店,29.587239285724,103.29862786939,
TOWO上品酒店(峨眉山零公里店),29.586603,103.296813,3
峨眉山红珠山宾馆晴云旅舍,29.57018841,103.4495078,2
峨眉山梵云居民宿,29.58628,103.444962,2
峨眉山龙凤休闲庄,29.58799590585,103.39085422858,2
峨眉山富华酒店,29.571670320803,103.45443229393,2
峨眉山飘香饭店,29.54363180441,103.33997288347,2
峨眉山生态茶艺园,29.578542,103.403135,2
乐山峨眉山悦山民宿(10号店),29.58381,103.462715,
峨眉山悦宾酒店,29.572332484319,103.45438571684,2
乐山峨眉山博睿雅居民宿,29.569304,103.442116,
峨眉山如舍客栈,29.580472638907,103.46689803297,2
峨眉山民生酒店,29.545372051108,103.33997790139,2
峨眉山梅龙客栈,29.596577520914,103.52803794471,2
峨眉山鸿兆酒店,29.572774,103.458321,2
峨眉山木香客栈,29.572245,103.412682,2
峨眉山爱尚逸家酒店,29.600476315603,103.49991902058,2
见微·峨眉民宿,29.574214,103.286352,2
峨眉山鑫源酒店,29.587496,103.296732,2
峨眉山恒缘商务宾馆,29.582563,103.470923,
峨眉山戚豆腐客栈,29.575102,103.284516,
峨眉山尚9商务酒店,29.605139902617,103.49003896686,2
峨眉山典尚民宿,29.588357,103.471762,2
峨眉山松蓝酒店,29.571516,103.45333,2
峨眉山索道公司招待所,29.538196,103.342121,2
峨眉山鑫茂商务酒店,29.601638,103.509486,
峨眉山黄湾小镇驼铃民宿,29.587128,103.443291,
峨眉山U&WEHOME客栈,29.572127,103.453574,
峨眉山湖边度假酒店,29.576070632552,103.45208096584,2
峨眉山廊桥客栈,29.580476,103.467944,
峨眉山悦途民宿,29.587467,103.44582,2
峨眉山胜利酒店,29.600583291455,103.52570028512,2
峨眉山美食美客快捷酒店,29.581931544695,103.4142555008,2
峨眉山亨堡酒店,29.59756789809,103.52026472664,3
峨眉山品善家园客栈,29.585139,103.456976,2
峨眉山万年寺天然居酒店,29.597916405396,103.38575763792,
峨眉山瑾轩阁休闲山庄,29.579861,103.292753,2
峨眉山佛光饭店,29.5816373650201,103.414424012334,
峨眉山晨缘峨眉小筑,29.573028,103.458248,2
峨眉山零公里零点客栈,29.586703,103.29702,
峨眉山和平旅馆,29.605258,103.498164,2
峨眉山景湾民宿,29.583964,103.451177,2
峨眉山虎啸商务旅社,29.604875,103.496369,
峨眉山仙源酒店,29.57200255051,103.4530626833,
峨眉山乐贤居,29.576449360534,103.41064009261,
峨眉山涵山驿自然人文主题亲子酒店,29.569175413362,103.44176996331,2
乐山峨眉山（智家名宿）风景区山门口轻奢标间公寓,29.585657,103.44581,
峨眉山金盾别墅宾馆,29.596374219487,103.50180882093,2
峨眉山优微致家酒店,29.571921373903,103.45344936886,2
峨眉山眷山客栈,29.584104,103.451211,2
峨眉山宜馨阁客栈,29.5852,103.450312,2
峨眉山枫叶宜家酒店,29.597519794591,103.38602657273,2
峨眉山梦想家酒店,29.572562,103.457542,2
峨眉山帝豪酒店,29.571981706033,103.45530922609,
峨眉山雨溪民宿,29.586104,103.44506,2
峨眉山碧水蓝天酒店,29.578067,103.412777,2
峨眉山乐一家酒店,29.571736,103.454954,2
峨眉山晗昤主题酒店,29.569810983952,103.45749334372,2
乐山峨眉山依翠民宿,29.59456,103.51427,
峨眉山卉春饭店,29.5816373650201,103.414424012334,
峨眉山风林月山庄,29.604416932464,103.37218992993,2
峨眉山风林月山庄,29.604416932464,103.37218992993,2
峨眉山红秀酒店,29.572189721359,103.45522747572,2
峨眉山云雅酒店,29.584021,103.452477,2
欢墅 · 精品度假别墅(峨眉山青庐店),29.575920146603,103.4670909884,4
乐山锦尚公寓(24号店),29.568169,103.465675,
乐山金沟林避暑山庄,29.4880211074759,103.377497981747,
峨眉山茗秀雅休闲庄,29.587697185395,103.39117418601,2
峨眉山双泉休闲庄,29.607446,103.34251,
峨眉山QQe家酒店,29.599272640878,103.39666712428,2
峨眉山写庭客栈,29.570088,103.46012,
峨眉山半山云岭度假酒店,29.598707,103.283839,2
峨眉山半岭上木舍,29.574613,103.284169,
峨眉山九岭岗旅农家乐,29.566345448574,103.35938968487,2
峨眉山太子坪旅饭店,29.532755,103.336505,
峨眉山金茂酒店,29.571288553035,103.4531595389,2
峨眉仙山度假酒店,29.581846,103.414305,2
峨眉山湖畔人家客栈,29.577915,103.403541,2
峨眉山梵米林酒店,29.573371,103.458511,1
峨眉山朝拜酒店,29.581656,103.467426,2
峨眉山皇冠酒店,29.607891115679,103.49210498699,2
峨眉山市安康居,29.602156,103.502594,
峨眉山顺鑫小筑酒店,29.572391332054,103.45513613782,2
峨眉山清秀酒家,29.577855,103.403644,2
峨眉山市光阳旅社,29.606084,103.568624,2
峨眉山雨山居酒店,29.575924044988,103.45155541547,2
峨眉山雨山居酒店,29.575924044988,103.45155541547,2
峨眉山雅洁商务旅社,29.609556444121,103.49685377519,
峨眉山华兴商务酒店,29.598001351345,103.52750199379,2
峨眉山望湖客栈,29.58322,103.412629,2
峨眉山美居酒店,29.596264,103.504844,4
峨眉山老磨房酒店,29.571828305388,103.45487302868,2
峨眉山水井湾山庄,29.571085,103.426517,2
峨眉山山下民宿,29.584288,103.451292,2
峨眉山水木居客栈,29.586423,103.445386,2
峨眉山常来小筑民宿,29.585024,103.451023,2
峨眉山惠鑫民宿,29.584442,103.453403,2
峨眉山木槿亿家民宿,29.590093,103.443869,2
峨眉山河沐民宿,29.584833,103.454927,2
峨眉山暖途客栈,29.587456,103.441096,2
峨眉山鑫和山庄,29.587295,103.294969,2
峨眉山月牙民宿,29.586065,103.450559,2
乐山一月民宿,29.5841,103.45121,
峨眉山名秀酒店,29.572040951834,103.45316882323,2
峨眉山通龙酒店,29.579264,103.405723,2
峨眉七里坪维慈美公寓,29.507067,103.400934,2
峨眉山世纪阳光上塞酒店,29.601317,103.504381,4
峨眉山客得平客栈,29.58546,103.45056,2
峨眉山兰桂居休闲山庄,29.568233,103.417029,2
峨眉山市湖宾饭店,29.577809176582,103.40285417255,2
峨眉山可以山庄,29.569139939554,103.41563793843,2
峨眉山兰桂居休闲山庄,29.568233,103.417029,2
峨眉山市湖宾饭店,29.577809176582,103.40285417255,2
峨眉山可以山庄,29.569139939554,103.41563793843,2
峨眉山紫雾度假山庄,29.59844,103.291204,
峨眉山铭钰客栈,29.584104,103.451211,2
峨眉山云峰假日酒店,29.572142,103.453628,
峨眉山雅阁酒店,29.585651613604,103.29874493437,2
峨眉山爱琴海岸主题酒店,29.572465,103.457964,3
峨眉山惠比特商务酒店,29.598210257806,103.51146416563,2
峨眉山利苑酒店,29.571798,103.454431,2
峨眉山驿路时光精品民宿,29.594836,103.486888,2
峨眉山秀山饭店,29.568969,103.441255,2
峨眉山行缘居养心公寓,29.596105308317,103.38573670848,2
安宿里回到峨眉套房酒店,29.57338403006,103.45880123168,4
峨眉山良栖·山院客栈,29.57178,103.45467,2
峨眉山杏雅苑客栈,29.590538,103.443365,2
峨眉山富嘉源酒店,29.573054074779,103.45717622302,2
峨眉山景然酒店,29.573075,103.458762,3
峨眉山清洁酒店,29.577498,103.402837,2
峨眉山明媚酒店,29.569797,103.458078,
峨眉山陌野民宿,29.586413,103.445417,2
峨眉山祥云度假酒店,29.577133422136,103.45206801137,2
峨眉山金徕酒店,29.571615773399,103.45456725009,
峨眉山俏皮猴主题文化酒店,29.573104395927,103.45736765919,2
峨眉山一山归心客栈,29.566985658046,103.41768370493,2
峨眉山苏格快捷酒店,29.600535447326,103.48600087719,2
峨眉山绮峰楼度假庄园,29.579347,103.405668,2
峨眉山龙景酒店,29.574764,103.452051,2
峨眉山万年宾馆,29.597159972068,103.38585684236,2
峨眉山乐途主题酒店,29.572498156211,103.45752351701,2
峨眉山三合家饭店,29.543572656296,103.33920759382,2
峨眉山祥和休闲庄,29.575424,103.410327,
峨眉山景乡酒店,29.571946357217,103.45309978337,1
峨眉山天景酒店,29.572121,103.453798,2
峨眉山彩云居商务酒店,29.572255710377,103.45371757427,
峨眉山维莱士酒店,29.59543,103.515035,
峨眉山星月酒店,29.572631493839,103.4577058811,2
峨眉山景来客栈,29.585406,103.449064,2
峨眉山清音阁东进旅店,29.576673,103.402608,1
峨眉山梅婷酒店,29.572060460146,103.45359951806,2
峨眉山黄帝大酒店,29.583765371553,103.46890714679,2
峨眉山雅乐居休闲庄,29.596056,103.289681,
峨眉山伏虎山庄,29.568954,103.440661,2
峨眉山万姐农家小院,29.570155,103.45922,2
峨眉山三合院木屋,29.579790969932,103.29262805651,2
峨眉山自由人客栈,29.571658626198,103.45649753996,2
峨眉山宏济酒店,29.602494788442,103.49682469906,2
峨眉山悦来旅饭店,29.573293795729,103.45851752027,2
峨眉山虎溪园度假休闲山庄,29.569067937578,103.44216960213,2
峨眉山清香商务酒店,29.597083,103.526166,
峨眉山悦来旅饭店,29.573293795729,103.45851752027,2
峨眉山虎溪园度假休闲山庄,29.569067937578,103.44216960213,2
峨眉山清香商务酒店,29.597083,103.526166,
峨眉山钓鱼岛商务酒店,29.608453180876,103.51057399777,2
峨眉山鹿露民宿,29.586677,103.443461,2
途窝假日酒店(峨眉山万年寺店),29.596895,103.380872,3
峨眉山壹·望金顶度假山庄,29.572207,103.413254,2
峨眉山神龙大酒店,29.597523273267,103.48839557109,2
峨眉山水云间度假酒店,29.581439726118,103.4135163907,2
峨眉山峨峰酒店,29.572602,103.455552,
峨眉山花间隐民宿,29.585196,103.457019,2
峨眉山明月酒店,29.582093719338,103.41271740217,2
峨眉山金豪商务酒店,29.571595529989,103.4533205105,2
峨眉山朝暮居民宿,29.587203,103.444519,2
峨眉山桥头饭店,29.5694238338,103.4421583877,2
峨眉山叠翠逍遥山庄,29.596989,103.384051,2
峨眉山金兴酒店,29.605979630514,103.565508809,2
峨眉山自强饭店,29.571773729011,103.45389524041,2
峨眉山金桂苑休闲庄,29.593967,103.289247,
峨眉山王子假日酒店,29.591093041394,103.29658650582,2
峨眉山景色楼,29.586443498947,103.29801152766,2
峨眉山东辉大酒店,29.595940947958,103.38869839113,2
峨眉山蓬莱别墅酒店,29.596851,103.386201,2
峨眉山三缘暑庄农家乐,29.581671,103.413998,2
峨眉山忆家假日酒店,29.599812056798,103.38083485702,
峨眉山忆家假日酒店,29.599812056798,103.38083485702,
峨眉山映湖山庄客栈,29.583880909727,103.41419709155,2
峨眉山山水涧养生庄园,29.448854,103.371616,
峨眉山么么哒民宿,29.57986,103.475896,
峨眉山益华旅馆,29.599605,103.493362,2
峨眉山果果居民宿,29.588377,103.444286,2
峨眉山一生悦舍民宿,29.595808,103.487521,
峨眉山宏瑞华酒店,29.57163251267,103.45484912438,2
峨眉山禾润民宿,29.585138,103.454396,2
峨眉山凡雨轩客栈,29.585782,103.445676,2
峨眉山雅之家客栈,29.588874,103.443686,2
峨眉山神木山庄,29.598847,103.299753,3
峨眉山好口福饭店,29.598193327091,103.38471772285,2
峨眉山简单点民宿,29.584396,103.453521,2
峨眉山归隐山居创意民宿,29.571693631155,103.45249305036,
峨眉山客来居酒店,29.57314641768,103.45689947733,2
峨眉山龙州饭店,29.598267414872,103.38510574517,2
峨眉山爱伊家民宿,29.587153,103.444692,2
峨眉山等你民宿,29.584218,103.454454,2
峨眉山丛山民宿,29.58663,103.446349,2
峨眉山福元民宿,29.585868,103.447003,2
凤凰栖酒店(峨眉山利民店),29.572237234565,103.4544268654,2
峨眉山来凤大酒店,29.572843968038,103.45331144705,2
峨眉山君龚民宿,29.584104,103.451211,2
峨眉山佳门客栈,29.588503,103.444595,2
峨眉山观景阁酒店,29.569912022128,103.4422359903,2
峨眉山凯瑞酒店,29.596655344769,103.52734277282,2
峨眉山仙踪林酒店,29.596457790475,103.38448196136,
峨眉山兴隆客栈,29.596857,103.520654,2
峨眉山添泰休闲庄,29.584624,103.45129,2
峨眉山蜗牛旅居度假公寓,29.579778,103.470332,3
峨眉山乐雅轩酒店,29.58704,103.29875,
峨眉山圣水酒店,29.576153,103.411028,
峨眉山陶森苑休闲庄,29.567744441336,103.41706415658,2
苏格主题酒店(峨眉山报国寺店),29.57244,103.457534,2
峨眉山象鼻山庄,29.59510536292,103.47226182495,2
峨眉山嘉利家民宿,29.585032,103.454423,3
峨眉山石榴民宿,29.58734,103.440214,2
峨眉山夜语民宿,29.584561,103.451346,2
峨眉山圣象大酒店,29.595384073483,103.38802916521,2
峨眉山草根人家酒店,29.5731473704195,103.45759520028,1
峨眉山友情岁月客栈,29.586862,103.44303,2
峨眉山居·家民宿,29.576882,103.452367,
峨眉山万年宾馆三号楼,29.597709175411,103.38543729778,2
峨眉山云峰假日酒店一号店,29.572448552518,103.45421731757,
乐山熊玉琼公寓,29.58469,103.45043,
峨眉山观景楼快捷酒店,29.587175,103.296355,
峨眉山锦绣山庄,29.598481,103.383515,2
峨眉山名兴商务酒店,29.597510063486,103.52740579466,
峨眉山宾乐饭店,29.597147,103.386026,2
峨眉山宾乐饭店,29.597147,103.386026,2
峨眉山嘉扬民宿,29.587626,103.442582,2
峨眉山翠竹山庄,29.57906297111,103.40570142221,2
峨眉山海庭客栈,29.584355,103.450805,2
峨眉山静幽休闲庄,29.570994,103.446952,2
峨眉山吉祥酒店,29.572662345042,103.45553776679,2
峨眉山鸿来居饭店,29.568392,103.442724,3
峨眉山华容饭店,29.572788566727,103.45615702435,1
乐山黄怡客栈(大峨村分店),29.566748,103.417755,
峨眉山一抹茶休闲度假屋,29.597962562656,103.38651425046,2
峨眉山琼芳休闲庄,29.598110596277,103.38617611291,
峨眉山迎鑫山庄,29.606769,103.342598,2
峨眉山可遇·思墅温泉民宿,29.588177,103.472252,3
乐山峨眉半山合圣别院,29.602333,103.37205,
乐山乐山缘木居·峨眉山·景区民宿NO.9,29.587557,103.44332,
乐山若里民宿,29.588228,103.44451,
乐山峨眉山途悦度假公寓,29.584105,103.45121,
峨眉山龙凤酒店,29.576293,103.451902,2
天下峨眉酒店(峨眉山),29.572326546318,103.45430874665,2
乐山冬冬妹公寓(6号店),29.587164,103.45088,
乐山小米家花园套房公寓(东湖湿地公园分店),29.605598,103.51699,
峨眉山双玉斋民宿,29.6076619,103.3427729,
峨眉山秋水度假山庄,29.587713269133,103.43844942889,2
乐山峨眉照花丽堂主公寓(秀湖大道分店),29.5829,103.479866,
乐山爱伊家民宿(佛光西路分店),29.625591,103.501686,
乐山小米家花园套房公寓(东湖湿地公园分店),29.605598,103.51699,
峨眉山双玉斋民宿,29.6076619,103.3427729,
峨眉山秋水度假山庄,29.587713269133,103.43844942889,2
乐山峨眉照花丽堂主公寓(秀湖大道分店),29.5829,103.479866,
乐山野泉民宿(3号店),29.585342,103.444145,
乐山爱伊家民宿(佛光西路分店),29.625591,103.501686,
峨眉山野山情缘住宿,29.601841,103.372603,2
峨眉山温馨小筑客栈,29.587938,103.444128,2
峨眉山康来馨民宿,29.585137,103.449258,2
峨眉山峪水湾客栈,29.587305,103.446116,2
峨眉山自然休闲庄,29.571356,103.41481,2
峨眉山合圣度假酒店,29.602044,103.372602,3
峨眉山初城民宿,29.584165,103.451211,2
峨眉山暮雪客栈,29.58663,103.446349,2
峨眉山杨家大院度假公寓,29.598383,103.283224,
峨眉山杜鹃花大酒店,29.603192,103.301051,3
峨眉山顺路园休闲庄,29.568668944694,103.44115900667,
峨眉山金源酒店,29.571856288752,103.45860384896,1
峨眉山秀清田园山庄,29.60222,103.372331,
峨眉山莲华山庄,29.572219996918,103.41320999595,2
峨眉山理想苑民宿,29.585996,103.450677,2
峨眉山春花旅饭店,29.576964,103.400937,2
峨眉山角落客栈,29.521639926753,103.46312761614,2
峨眉山万年宾馆五号楼,29.597222,103.386251,2
峨眉山悟舍度假公寓,29.60224,103.516914,
峨眉山理想苑民宿,29.585996,103.450677,2
峨眉山春花旅饭店,29.576964,103.400937,2
峨眉山角落客栈,29.521639926753,103.46312761614,2
峨眉山万年宾馆五号楼,29.597222,103.386251,2
峨眉山悟舍度假公寓,29.60224,103.516914,
峨眉山子钰民宿,29.581483,103.469784,2
峨眉山柳双妹民宿,29.586013,103.447708,2
峨眉山一含民宿,29.58458,103.449949,2
峨眉山华莲休闲庄,29.598139607114,103.38612808481,
峨眉山万年寺春园饭店,29.598469,103.383976,
峨眉山洁雅酒店,29.579288344369,103.41450889641,2
乐山雁翎街43号民宿,29.585403,103.450516,
峨眉山金和旅馆,29.523788,103.465053,
峨眉山市黑白熊猫文化客栈,29.58365,103.479863,
乐山黄湾小镇漫居民宿(5号店),29.585522,103.45322,
峨眉山思缘旅店,29.576683,103.402556,2
峨眉山来是佛山庄,29.601812,103.285775,2
乐山黄淑琼公寓,29.584164,103.45075,
峨眉山山城山庄,29.599399,103.299989,2
乐山峨眉山驼铃民宿(2号店),29.58758,103.4425,
乐山不二家民宿,29.58507,103.45595,
峨眉山峨眉·初见公寓,29.581623,103.478564,
峨眉山石湾茶苑,29.571928028469,103.27931803294,
峨眉山那次民宿,29.58501,103.451595,2
乐山点点公寓,29.585531,103.445816,
峨眉山石湾茶苑,29.571928028469,103.27931803294,
峨眉山那次民宿,29.58501,103.451595,2
乐山点点公寓,29.585531,103.445816,
乐山子逸的小窝公寓,29.584105,103.45121,
乐山阅山度假小墅公寓(8号店),29.586237,103.48631,
峨眉山春语酒店,29.585649487685,103.41201004532,
峨眉山梵尘居客栈,29.586714,103.44793,2
乐山期待眼神公寓(黄湾村分店),29.58535,103.44373,
峨眉山山月客栈,29.612324,103.500527,
乐山峨眉山栖息名宿公寓,29.586632,103.442924,
峨眉山竹云仙居休闲庄,29.599257,103.283539,2
峨眉山福来居,29.570297999076,103.45759327275,
乐山乐途恋上我家民宿(3号店),29.584,103.451324,
峨眉山才华酒店,29.581877598264,103.41429027242,
峨眉山君银民宿,29.583942,103.451463,2
峨眉山兄弟缘休闲庄,29.579301,103.447844,2
峨眉山苏坡水乡酒店,29.603709,103.287299,2
峨眉山阳光家园,29.574366566012,103.28399311191,2
峨眉山红佛商务大酒店,29.60103,103.500368,2
峨眉山万森·瑜程酒店,29.573247,103.458483,2
乐山峨眉山的小妮子客栈,29.587406,103.44546,
乐山滴水流年民宿,29.577724,103.28391,
峨眉山吟峨酒店,29.571852089827,103.45415364561,2
峨眉山根艺农家乐,29.597559,103.38574,2
乐山依泉山庄,29.604558,103.337576,2
峨眉山苏坡水乡酒店,29.603709,103.287299,2
峨眉山阳光家园,29.574366566012,103.28399311191,2
峨眉山红佛商务大酒店,29.60103,103.500368,2
峨眉山万森·瑜程酒店,29.573247,103.458483,2
乐山乐山虾老板客栈,29.584475,103.451904,
乐山阅山度假小墅公寓(9号店),29.586237,103.48631,
乐山峨眉山的小妮子客栈,29.587406,103.44546,
乐山月牙民宿,29.584557,103.45128,
乐山滴水流年民宿,29.577724,103.28391,
乐山肖雄峰公寓(2号店),29.587557,103.44501,
峨眉山吟峨酒店,29.571852089827,103.45415364561,2
峨眉山根艺农家乐,29.597559,103.38574,2
乐山依泉山庄,29.604558,103.337576,2
峨眉山莲平休闲庄,29.574492,103.424537,
乐山峨眉山红旗饭店,29.597876174843,103.385749037217,2
峨嵋山维凤旅饭店,29.565494,103.359345,2
峨眉山两行情书民宿,29.586116,103.450713,2
李氏居旅馆,29.603683,103.49581,
峨眉山小驻客栈,29.584508,103.451706,2
乐山蜗牛民宿,29.583593,103.46401,
乐山全宿公寓（峨眉山秀湖青庐）,29.576332,103.46695,
峨眉山四方缘饭店,29.572186,103.454742,
峨眉山清湖山庄,29.57780551,103.4111834,2
乐山乐山山吾舍客栈,29.584105,103.45121,
峨眉山欣瑞达休闲庄,29.595283,103.283872,2
乐山峨眉山舒安民宿,29.587957,103.44517,
乐山北欧印象客栈,29.58598,103.45097,
乐山蜗牛民宿,29.583593,103.46401,
乐山全宿公寓（峨眉山秀湖青庐）,29.576332,103.46695,
峨眉山四方缘饭店,29.572186,103.454742,
峨眉山清湖山庄,29.57780551,103.4111834,2
乐山乐山山吾舍客栈,29.584105,103.45121,
峨眉山欣瑞达休闲庄,29.595283,103.283872,2
峨眉山和缘宾馆,29.603792,103.492252,2
峨眉山曾记饭店,29.569763,103.459666,
乐山谢诗媛客栈,29.587107,103.44347,
乐山乐山缘木居·峨眉山·景区民宿(朝拜路分店),29.578968,103.469444,
乐山避暑️自在清静民宿半轮秋民宿,29.589958,103.44298,
乐山乐山奇杰民宿,29.584105,103.45121,
乐山TOWO上品(峨眉山报国寺店)公寓(峨眉山-中峰寺分店),29.577208,103.41236,
乐山smile依梦公寓,29.579866,103.48055,
乐山二月客栈(峨洪路分店),29.605566,103.37069,
乐山阳光的特色小洋房公寓,29.604507,103.514084,
乐山峨眉.乐山同小区多套房公寓(夏荷村分店),29.588829,103.52728,
峨眉山依湖居休闲庄,29.581472011042,103.29056370048,
峨眉山田园牧歌休闲山庄,29.602061,103.285437,2
峨眉山途居民宿,29.587444,103.440759,2
乐山游人居客栈,29.584604,103.45081,
乐山君银民宿,29.581274,103.45134,
乐山然然馨家名宿公寓,29.582962,103.451805,
乐山舒洁民宿/黄湾小镇,29.588404,103.441666,
乐山阳光的特色小洋房公寓,29.604507,103.514084,
乐山峨眉.乐山同小区多套房公寓(夏荷村分店),29.588829,103.52728,
峨眉山依湖居休闲庄,29.581472011042,103.29056370048,
峨眉山田园牧歌休闲山庄,29.602061,103.285437,2
峨眉山途居民宿,29.587444,103.440759,2
乐山游人居客栈,29.584604,103.45081,
乐山君银民宿,29.581274,103.45134,
乐山然然馨家名宿公寓,29.582962,103.451805,
乐山小羽118公寓(名山路南段分店),29.580994,103.46978,
乐山峨眉山伊水民宿,29.588064,103.44347,
乐山拾三盛唐-颖公寓,29.58608,103.448845,
峨眉山依翠民宿,29.595143,103.514084,2
乐山峨眉山契约民宿,29.580332,103.44929,
乐山峨眉山陈润芝公寓,29.585806,103.44871,
峨眉山富香苑酒店,29.569841400091,103.41659303348,2
乐山一念民宿,29.584131,103.45121,
乐山欣怡民宿(黄湾村分店),29.586433,103.44481,
乐山BeckyO客栈,29.587423,103.44418,
峨眉山鸿运旅馆,29.5988,103.507354,2
峨眉山鑫海宇乐休闲庄,29.603486,103.288198,1
乐山蜗牛民宿(秀湖大道分店),29.586237,103.48631,
乐山峨眉山不远山庄,29.5864083915659,103.441112546123,
峨眉山悦客之家,29.584565,103.44924,2
乐山小马民宿,29.583593,103.46401,
乐山BeckyO客栈,29.587423,103.44418,
峨眉山鸿运旅馆,29.5988,103.507354,2
峨眉山鑫海宇乐休闲庄,29.603486,103.288198,1
乐山蜗牛民宿(秀湖大道分店),29.586237,103.48631,
乐山峨眉山不远山庄,29.5864083915659,103.441112546123,
峨眉山悦客之家,29.584565,103.44924,2
乐山小马民宿,29.583593,103.46401,
乐山红梅民宿,29.580921,103.44263,
乐山逸忆民宿,29.585585,103.44729,
峨眉山初心别苑客栈,29.587172,103.444047,2
乐山归朴民宿,29.586723,103.44298,
乐山小杨梅公寓,29.586252,103.44506,
凯优威尔养生文化主题酒店(峨眉山晚香楼店),29.597072,103.386758,3
乐山格蕾民宿(2号店),29.571812,103.445045,
峨眉山水云间休闲庄,29.569066913856,103.45762916647,
峨眉山雨田酒店,29.581793375051,103.41436612621,2
乐山峨眉山市勿忘我民宿,29.5841,103.45121,
峨眉山遨湖e家,29.578199,103.404934,2
520主题酒店(峨眉山店),29.57266278305,103.45733491763,2
乐山肖琼芳公寓(峨眉蝶博物馆分店),29.584564,103.451195,
乐山峨眉悦客之家民宿,29.581047,103.48133,
乐山木槿亿家公寓(峨洪路分店),29.588686,103.442406,
乐山峨眉山偶遇客栈,29.584913,103.449905,
乐山兴福民宿(3号店),29.577135,103.40242,
乐山伍齐公寓,29.583998,103.4502,
峨眉山遨湖e家,29.578199,103.404934,2
520主题酒店(峨眉山店),29.57266278305,103.45733491763,2
乐山肖琼芳公寓(峨眉蝶博物馆分店),29.584564,103.451195,
乐山峨眉悦客之家民宿,29.581047,103.48133,
乐山木槿亿家公寓(峨洪路分店),29.588686,103.442406,
乐山峨眉山偶遇客栈,29.584913,103.449905,
乐山兴福民宿(3号店),29.577135,103.40242,
乐山伍齐公寓,29.583998,103.4502,
乐山缘分民宿,29.584105,103.45121,
乐山峨眉山景区客舍轩民宿,29.584572,103.45046,
峨眉山亦宿民宿,29.585453,103.444801,
峨眉山紫竹度假休闲庄,29.573787,103.411925,2
乐山悠家民宿（乐山店）,29.586237,103.48631,
乐山乐山shilingli客栈,29.5869,103.44395,
峨眉山喜来阁快捷酒店,29.605109,103.491361,
峨眉山嘉友酒店,29.595339,103.38214,
乐山半夏悠居客栈,29.587097,103.44582,
峨眉山雅苑旅馆,29.600861,103.507102,
峨眉山兰亭阁休闲庄,29.608511,103.335006,
峨眉山仙泉山庄,29.604367799817,103.33846668472,
乐山紫陌客栈,29.585876,103.44593,
乐山夏加尔丁丁猫公寓(2号店),29.57174,103.46526,
乐山徐四哥公寓,29.570484,103.46594,
峨眉山峨眉月山庄,29.572302725311,103.41768419333,2
乐山枕山栖套一套二/近高铁/温泉旁/峨眉公寓,29.572672,103.46346,
乐山半夏悠居客栈,29.587097,103.44582,
峨眉山雅苑旅馆,29.600861,103.507102,
峨眉山兰亭阁休闲庄,29.608511,103.335006,
峨眉山仙泉山庄,29.604367799817,103.33846668472,
乐山紫陌客栈,29.585876,103.44593,
乐山夏加尔丁丁猫公寓(2号店),29.57174,103.46526,
乐山徐四哥公寓,29.570484,103.46594,
峨眉山峨眉月山庄,29.572302725311,103.41768419333,2
乐山枕山栖套一套二/近高铁/温泉旁/峨眉公寓,29.572672,103.46346,
乐山梁栩苾公寓,29.58631,103.443535,
乐山峨眉山五显岗佛光民宿,29.581636,103.41442,
乐山黄湾小镇尚悦山居民宿,29.585365,103.45169,
乐山张信中客栈,29.584282,103.45116,
峨眉山云秀缘民宿,29.583445,103.450976,2
乐山漫居/七楼公寓(3号店),29.60585,103.50293,
乐山峨眉山小红妹客栈(府前街分店),29.572529,103.28628,
乐山梵禅舍客栈,29.58646,103.44339,
峨眉山佛光假日酒店,29.598415913101,103.52749604878,
乐山云雅客栈(峨洪路分店),29.586668,103.446106,
峨眉山市爱e家酒店式家庭公寓(食为天美食街店),29.5947,103.486875,
乐山峨眉山归已民宿,29.587423,103.44242,
乐山云上民宿(佛光东路分店),29.625967,103.50133,
乐山听风者公寓(朝拜路分店),29.579262,103.46951,
乐山乐山熊海明公寓,29.587416,103.44561,
乐山熊玥客栈,29.587856,103.44539,
峨眉山市爱e家酒店式家庭公寓(食为天美食街店),29.5947,103.486875,
乐山峨眉山归已民宿,29.587423,103.44242,
乐山云上民宿(佛光东路分店),29.625967,103.50133,
乐山听风者公寓(朝拜路分店),29.579262,103.46951,
乐山乐山熊海明公寓,29.587416,103.44561,
乐山熊玥客栈,29.587856,103.44539,
乐山余生很长客栈,29.57518,103.4377,
乐山仝5959客栈,29.587862,103.443565,
乐山拾光屋民宿,29.578274,103.443535,
乐山伍齐公寓(2号店),29.58412,103.45132,
峨眉山圣缘山庄,29.597248,103.386703,2
若里小姐公寓(峨眉山常超街店),29.589175,103.441754,
乐山杨朱丽公寓(府前街分店),29.607004,103.49099,
乐山峨眉山轻风小筑民宿,29.585588,103.44354,
乐山梦之源客栈,29.586988,103.44214,
乐山乐山罗德清客栈,29.602192,103.37238,
乐山小城谣居公寓,29.583704,103.45109,
乐山静雅阁民宿,29.582304,103.44651,
乐山拾光屋民宿(高磷路分店),29.547735,103.430855,
乐山馨悦山庄客栈,29.581938,103.41429,
峨眉山缘来聚休闲庄,29.599341,103.379598,
乐山峨眉山市宜舍民宿,29.583391,103.452,
峨眉山冯氏休闲庄,29.569755378198,103.44371486103,
乐山桃花屋民宿,29.584526,103.452095,
峨眉山凡舍民宿,29.585089,103.456382,2
乐山石晴雯公寓(2号店),29.588001,103.44494,
乐山静雅阁民宿,29.582304,103.44651,
乐山拾光屋民宿(高磷路分店),29.547735,103.430855,
乐山馨悦山庄客栈,29.581938,103.41429,
峨眉山缘来聚休闲庄,29.599341,103.379598,
乐山峨眉山市宜舍民宿,29.583391,103.452,
峨眉山冯氏休闲庄,29.569755378198,103.44371486103,
乐山桃花屋民宿,29.584526,103.452095,
峨眉山凡舍民宿,29.585089,103.456382,2
乐山峨眉山悦山民宿(3号店),29.583733,103.464005,
峨眉山清雅山庄,29.573916,103.286581,2
峨眉山绿云酒店,29.58163736502,103.414424012333,2
峨眉山雅逸阁休闲庄,29.60452022529,103.33743889352,
峨眉山云霖居休闲山庄,29.59631,103.298305,
乐山绿意盎然(๑˙ー˙๑)客栈,29.5841,103.45121,
乐山安雅居民宿,29.584267,103.45179,
峨眉山仙山旅社,29.596689360627,103.52809660263,
乐山张艳军幸福之家客栈,29.589111,103.46655,
峨眉山拾欢客栈,29.583942,103.451463,2
峨眉山茗山旅馆,29.579316163764,103.46626996513,2
乐山开心家园梁公寓,29.57749,103.47136,
峨眉山栖居休闲庄,29.602833,103.285862,2
峨眉山生旺楼酒店,29.593519,103.289274,
峨眉山常乐酒店,29.584951,103.297337,
乐山家里来客民宿(4号店),29.583662,103.44966,
乐山开心家园梁公寓,29.57749,103.47136,
峨眉山栖居休闲庄,29.602833,103.285862,2
峨眉山生旺楼酒店,29.593519,103.289274,
峨眉山常乐酒店,29.584951,103.297337,
乐山家里来客民宿(4号店),29.583662,103.44966,
峨眉山MissHouse优享公寓,29.584635,103.449922,2
乐山ABCD63公寓,29.580103,103.47022,
乐山石三哥公寓,29.586378,103.45077,
乐山峨眉山悦山民宿(5号店),29.583733,103.464005,
乐山梦之月公寓,29.6034,103.515495,
乐山米畔民宿,29.58469,103.4523,
乐山静新苑客栈(峨洪路分店),29.58345,103.44407,
乐山峨眉山上下进出口处售票大厅客栈(峨洪路分店),29.583733,103.45114,
乐山迁宿....客栈,29.588243,103.44111,
乐山七兮斋主公寓,29.56879,103.46436,
乐山爱做梦の小白同学客栈,29.585516,103.45293,
峨眉山涌泉休闲庄,29.587055,103.296858,2
峨眉山山峯酒店,29.593492,103.292948,
峨眉山碧云居农家乐,29.585701263017,103.29804611832,
峨眉山雅居旅馆,29.604078322441,103.49880078469,
乐山嚴宅公寓(秀湖大道分店),29.568169,103.465675,
乐山团团围住客栈,29.58769,103.44257,
乐山禅居民宿(子午街分店),29.586927,103.450386,
峨眉山村上驿站,29.5963747452166,103.292447736951,
峨眉山会心居休闲庄,29.595578,103.291339,2
峨眉山碧云居农家乐,29.585701263017,103.29804611832,
乐山冬冬妹公寓,29.587624,103.44628,
峨眉山雅居旅馆,29.604078322441,103.49880078469,
乐山嚴宅公寓(秀湖大道分店),29.568169,103.465675,
乐山团团围住客栈,29.58769,103.44257,
乐山禅居民宿(子午街分店),29.586927,103.450386,
峨眉山村上驿站,29.5963747452166,103.292447736951,
峨眉山会心居休闲庄,29.595578,103.291339,2
乐山刘成美客栈,29.577692,103.45045,
乐山潘友明客栈(三清方分店),29.584105,103.45121,
峨眉山龙怡山庄,29.598302316353,103.30016842172,
乐山峨眉山继祥居休闲庄,29.604515,103.337437,
峨眉山开全休闲庄,29.605071582838,103.33919131135,
乐山潘友明客栈,29.584684,103.4536,
乐山陆玥萧萧民宿,29.566557,103.464226,
峨眉山粒粒馨宾馆,29.587175,103.437628,2
乐山峨眉山悦山民宿(4号店),29.583733,103.464005,
乐山峨眉山蘑菇居民宿,29.585468,103.4478,
乐山麻友渡边公寓,29.584105,103.45121,
峨眉山金樽山庄,29.598387,103.356782,2
峨眉山老百姓旅馆,29.598339,103.501308,
乐山武叶客栈,29.520306,103.46527,
峨眉山云中阁休闲庄,29.586685,103.298845,2
乐山南山居公寓,29.589554,103.47217,
峨眉山李胖农家乐,29.579861,103.292753,
乐山峨眉山蘑菇居民宿,29.585468,103.4478,
乐山麻友渡边公寓,29.584105,103.45121,
峨眉山金樽山庄,29.598387,103.356782,2
乐山冬冬妹公寓(7号店),29.587624,103.44628,
峨眉山老百姓旅馆,29.598339,103.501308,
乐山武叶客栈,29.520306,103.46527,
峨眉山云中阁休闲庄,29.586685,103.298845,2
乐山南山居公寓,29.589554,103.47217,
峨眉山李胖农家乐,29.579861,103.292753,
乐山峨眉山悦山民宿(2号店),29.583748,103.464005,
乐山荷堂禅意轻奢民宿,29.58509,103.41223,
乐山峨眉山黄湾小镇山雨民宿,29.587564,103.44109,
峨眉山溪水人家休闲庄,29.606265,103.325771,
峨眉山杨家苑休闲庄,29.604146,103.389489,
峨眉山静逸楼休闲庄,29.587142,103.299106,
乐山秀禾公寓(秀湖大道分店),29.569466,103.46617,
乐山枕山栖套一套二/近高铁/温泉旁/峨眉公寓(名山南路分店),29.562052,103.45917,
峨眉山半山月休闲庄,29.588244,103.391425,2
乐山鱼跃家民宿(峨洪路分店),29.576519,103.43439,
乐山格蕾民宿,29.571812,103.445045,
乐山熊玉琼公寓（雁翎街分店）,29.58469,103.45043,
乐山缘木居·峨眉山·景区民宿NO.4,29.577196,103.46806,
乐山愉享家暖心精品民宿,29.566622,103.4639,
乐山凡雨轩客栈,29.606077,103.48294,
乐山陈雄公寓,29.579931,103.47334,
乐山爱泡温泉的佳佳公寓,29.568632,103.466064,
乐山格蕾民宿,29.571812,103.445045,
乐山熊玉琼公寓（雁翎街分店）,29.58469,103.45043,
乐山缘木居·峨眉山·景区民宿NO.4,29.577196,103.46806,
乐山温学梅公寓(2号店),29.586159,103.44672,
乐山愉享家暖心精品民宿,29.566622,103.4639,
乐山凡雨轩客栈,29.606077,103.48294,
乐山陈雄公寓,29.579931,103.47334,
乐山爱做梦の小白同学客栈(杜门街分店),29.586626,103.44329,
乐山半斤和八两度假别墅(4号店),29.589632,103.47221,
乐山峨眉山悦山民宿(9号店),29.58381,103.462715,
乐山丁香民宿-(峨洪路分店),29.584105,103.45121,
峨眉山爱伊家家庭公寓,29.607748,103.50931,
乐山让子弹飞度假别墅,29.582945,103.463295,
乐山万万的温馨之家公寓,29.615963,103.482056,
乐山吴志国公寓,29.58506,103.454185,
乐山续秋公寓(峨洪路店),29.585949,103.44625,
乐山黄诗琦公寓,29.587055,103.29686,
乐山峨眉山小兵文化驼铃民宿,29.58758,103.4425,
乐山啊彭公寓,29.568169,103.465675,
峨眉山龙九休闲庄,29.60348,103.28691,2
乐山溪间民宿,29.581392,103.43705,
峨眉山芳茜苑休闲庄,29.574101,103.411257,2
峨眉山万年寺迎客轩酒店,29.597335,103.38661,
乐山然然馨家名宿公寓(燕青街分店),29.585653,103.45311,
乐山随风飘落公寓,29.585402,103.44347,
乐山峨眉山悦山民宿(8号店),29.58381,103.462715,
乐山续秋公寓(峨洪路店),29.585949,103.44625,
乐山黄诗琦公寓,29.587055,103.29686,
乐山峨眉山小兵文化驼铃民宿,29.58758,103.4425,
乐山啊彭公寓,29.568169,103.465675,
乐山心静民宿(2号店),29.584105,103.45121,
峨眉山龙九休闲庄,29.60348,103.28691,2
乐山溪间民宿,29.581392,103.43705,
峨眉山芳茜苑休闲庄,29.574101,103.411257,2
峨眉山万年寺迎客轩酒店,29.597335,103.38661,
乐山归隐公寓(7号店),29.568169,103.465675,
乐山然然馨家名宿公寓(燕青街分店),29.585653,103.45311,
乐山震不碎的心公寓,29.58989,103.442406,
乐山罗幺妹儿客栈,29.581684,103.41323,
乐山卢珊珊公寓(报国路分店),29.57877,103.44989,
乐山朱小一公寓,29.568169,103.465675,
乐山同宿民宿,29.606062,103.49023,
峨眉山晨曦苑,29.605602,103.329947,2
峨眉山金桐客栈,29.527816,103.440376,2
乐山钦燕平客栈,29.584105,103.45121,
乐山梦之源客栈(峨洪路分店),29.579649,103.43174,
乐山BeckyO客栈(峨洪路分店),29.585184,103.444115,
乐山黄湾小镇雅居民宿,29.58513,103.44393,
乐山峨眉山米畔民宿,29.584955,103.441986,
乐山然然馨家名宿公寓(燕青街分店),29.585653,103.45311,
乐山梁栩苾公寓(2号店),29.585497,103.443726,
乐山震不碎的心公寓,29.58989,103.442406,
乐山罗幺妹儿客栈,29.581684,103.41323,
乐山卢珊珊公寓(报国路分店),29.57877,103.44989,
乐山朱小一公寓,29.568169,103.465675,
乐山同宿民宿,29.606062,103.49023,
峨眉山晨曦苑,29.605602,103.329947,2
峨眉山金桐客栈,29.527816,103.440376,2
乐山钦燕平客栈,29.584105,103.45121,
乐山梦之源客栈(峨洪路分店),29.579649,103.43174,
乐山BeckyO客栈(峨洪路分店),29.585184,103.444115,
乐山黄湾小镇雅居民宿,29.58513,103.44393,
乐山峨眉山米畔民宿,29.584955,103.441986,
乐山冬冬妹公寓(3号店),29.587164,103.45088,
乐山峨眉山上下进出口处售票大厅公寓,29.583387,103.43984,
峨眉山半轮月山庄,29.59128774346,103.29707333504,
峨眉山迎鸿酒店,29.572386,103.455781,2
峨眉山玖零酒店,29.606791,103.490158,
乐山小羽118公寓,29.580994,103.46978,
乐山陀飞轮公寓,29.593418,103.48611,
乐山主Y公寓,29.600965,103.510475,
乐山阅山度假小墅公寓(11号店),29.586327,103.48646,
乐山子逸的小窝公寓(峨洪路分店),29.584572,103.45505,
乐山峨眉山十方民宿,29.586391,103.444336,
峨眉山迎鸿酒店,29.572386,103.455781,2
峨眉山玖零酒店,29.606791,103.490158,
乐山小羽118公寓,29.580994,103.46978,
乐山陀飞轮公寓,29.593418,103.48611,
乐山主Y公寓,29.600965,103.510475,
乐山阅山度假小墅公寓(11号店),29.586327,103.48646,
乐山子逸的小窝公寓(峨洪路分店),29.584572,103.45505,
乐山峨眉山十方民宿,29.586391,103.444336,
乐山宁妹儿客栈,29.583277,103.44589,
乐山太极人生张公寓,29.576838,103.45681,
乐山陈来秀客栈,29.585327,103.44724,
乐山峨眉山市朴宿公寓(3号店),29.58462,103.45296,
乐山峨眉山温馨小屋,29.572746,103.4642,
乐山夏木行旅度假别墅(保宁街分店),29.583012,103.463806,
乐山尹小弘公寓,29.587461,103.44323,
乐山小马民宿(2号店),29.582893,103.4638,
乐山悠家乐山店公寓(2号店),29.583113,103.45879,
乐山惜缘@公寓,29.588417,103.44231,
乐山乐途居民宿(峨洪路分店),29.5841,103.45121,
乐山原调公寓,29.568169,103.465675,
乐山桃花屋民宿(峨眉蝶博物馆分店),29.584204,103.453926,
乐山活泼的浪味仙公寓,29.568169,103.465675,
乐山峨眉山初见山民宿(2号店),29.584105,103.45121,
乐山罗幺妹儿公寓(峨洪路分店),29.584133,103.45121,
乐山包佳辉公寓,29.568169,103.465675,
乐山悠家（峨眉山10）公寓,29.583752,103.46413,
乐山缦悦湾公寓,29.585426,103.45443,
乐山活泼的浪味仙公寓,29.568169,103.465675,
乐山峨眉山初见山民宿(2号店),29.584105,103.45121,
乐山罗幺妹儿公寓(峨洪路分店),29.584133,103.45121,
乐山包佳辉公寓,29.568169,103.465675,
乐山驿路时光精品民宿(胜利大道北段分店),29.601656,103.519936,
乐山迁宿....公寓(峨洪路分店),29.584105,103.45121,
乐山AMGE63公寓,29.574526,103.46086,
峨眉山久盼民宿,29.585931,103.447021,2
乐山好莱屋客栈,29.5841,103.45121,
峨眉山梓园酒店,29.572202402878,103.45364515305,2
乐山桃花屋民宿(峨洪路分店),29.585342,103.44414,
乐山峨眉山游几间民宿(9号店),29.58317,103.47007,
乐山安睿公寓,29.58524,103.443344,
峨眉山静山居休闲庄,29.572992,103.428596,
乐山峨眉山馨昀阁民宿(子午街分店),29.587038,103.45126,
乐山青竹苑公寓(3号店),29.579062,103.448006,
乐山山雨来公寓,29.584213,103.45121,
峨眉山腾飞大酒店,29.571999,103.45492,
乐山熊月平公寓,29.603487,103.28819,
乐山爱做梦の小白同学公寓(秀湖大道分店),29.568169,103.465675,
乐山云雅公寓(峨洪路分店),29.58826,103.460365,
乐山孙桂芳公寓,29.585123,103.47874,
峨眉山龙云避暑山庄,29.582252,103.289855,2
乐山峨眉山馨昀阁民宿(子午街分店),29.587038,103.45126,
乐山青竹苑公寓(3号店),29.579062,103.448006,
乐山肖和公寓（僧门街店）,29.58638,103.4475,
乐山山雨来公寓,29.584213,103.45121,
乐山丁香民宿-,29.584105,103.45121,
峨眉山腾飞大酒店,29.571999,103.45492,
乐山熊月平公寓,29.603487,103.28819,
乐山爱做梦の小白同学公寓(秀湖大道分店),29.568169,103.465675,
乐山云雅公寓(峨洪路分店),29.58826,103.460365,
乐山孙桂芳公寓,29.585123,103.47874,
峨眉山龙云避暑山庄,29.582252,103.289855,2
乐山爱伊家民宿(食为天美食街店),29.5947,103.48688,
乐山西门吃鸡公寓,29.584509,103.45433,
峨眉山见祥休闲庄,29.568714271825,103.4162055673,
峨眉山神山圣水休闲庄,29.569315,103.41571,2
乐山悠家-民宿(23号店),29.583593,103.46401,
乐山峨眉山归已民宿(2号店),29.587164,103.44252,
乐山品宜休闲庄客栈,29.598291,103.28123,
乐山峨眉山报国寺公寓,29.568169,103.465675,
峨眉山顺丰旅社,29.597924,103.501881,2
乐山古镇民宿古镇民宿(峨洪路分店),29.581709,103.45217,
乐山欧雅公寓(佛光西路店),29.62553,103.50176,
乐山欧雅公寓(夏荷村分店),29.588829,103.52728,
乐山沙塔精品客栈,29.58495,103.45475,
乐山(茜茜)峨眉山七里坪半山度假公寓(峨洪路分店),29.595564,103.29924,
乐山悠家-民宿(23号店),29.583593,103.46401,
乐山峨眉山归已民宿(2号店),29.587164,103.44252,
乐山品宜休闲庄客栈,29.598291,103.28123,
乐山峨眉山报国寺公寓,29.568169,103.465675,
乐山黄湾河畔美宿公寓,29.584105,103.45121,
峨眉山顺丰旅社,29.597924,103.501881,2
乐山古镇民宿古镇民宿(峨洪路分店),29.581709,103.45217,
乐山欧雅公寓(佛光西路店),29.62553,103.50176,
乐山欧雅公寓(夏荷村分店),29.588829,103.52728,
乐山沙塔精品客栈,29.58495,103.45475,
乐山(茜茜)峨眉山七里坪半山度假公寓(峨洪路分店),29.595564,103.29924,
乐山小粘家公寓(3号店),29.587227,103.44394,
乐山峨眉时光民宿,29.568258,103.465675,
乐山缘木居·峨眉山·景区民宿(7号店),29.587557,103.44332,
乐山邓琳度假别墅,29.507002,103.40091,
乐山青竹苑特色民宿(2号店),29.566763,103.44992,
乐山诗与远方A公寓,29.566252,103.46418,
乐山故人居公寓,29.568169,103.465675,
乐山方镭洁公寓,29.568169,103.465675,
乐山峨眉山半山雲阁休闲庄,29.594548,103.292768,
峨眉山王三姐休闲庄,29.600086,103.381641,
乐山云舍云舒公寓(秀湖大道分店),29.568224,103.46564,
峨眉山顺峰农家乐,29.574413,103.424537,
峨眉山林森休闲庄,29.578997,103.290972,2
乐山彭老五农家乐,29.574278,103.424225,
乐山诗与远方A公寓,29.566252,103.46418,
乐山悠家峨眉山店2公寓,29.583593,103.46401,
乐山故人居公寓,29.568169,103.465675,
乐山方镭洁公寓,29.568169,103.465675,
乐山峨眉山半山雲阁休闲庄,29.594548,103.292768,
峨眉山王三姐休闲庄,29.600086,103.381641,
乐山峨眉山四叶草民宿,29.587996,103.44152,
乐山青竹苑特色民宿,29.566763,103.44992,
乐山云舍云舒公寓(秀湖大道分店),29.568224,103.46564,
乐山路客精品民宿BF5690,29.585201,103.45066,
峨眉山顺峰农家乐,29.574413,103.424537,
峨眉山林森休闲庄,29.578997,103.290972,2
乐山彭老五农家乐,29.574278,103.424225,
乐山爱之家888公寓,29.603258,103.52199,
乐山梁家辉客栈,29.58817,103.29573,
峨眉山怡情山水酒家,29.578454938004,103.40532147312,2
乐山中峰别院,29.5738310149223,103.412608474779,
峨眉山天天酒店,29.571828,103.454827,
峨眉山海天客栈,29.603176,103.287933,2
峨眉山怡蓝民宿,29.586788,103.447897,2
峨眉山红叶酒店,29.571417728591,103.45340666456,2
峨眉山清乐旅店,29.577128,103.400834,2
峨眉山仙鹤楼酒店,29.573271605863,103.45811445312,2
峨眉山榄翠居客栈,29.58141496581,103.41328248844,2
峨眉山华怡山庄,29.571026,103.429054,2
峨眉山林森休闲庄,29.578997,103.290972,2
乐山彭老五农家乐,29.574278,103.424225,
乐山爱之家888公寓,29.603258,103.52199,
乐山梁家辉客栈,29.58817,103.29573,
峨眉山怡情山水酒家,29.578454938004,103.40532147312,2
乐山中峰别院,29.5738310149223,103.412608474779,
峨眉山天天酒店,29.571828,103.454827,
峨眉山海天客栈,29.603176,103.287933,2
峨眉山怡蓝民宿,29.586788,103.447897,2
峨眉山红叶酒店,29.571417728591,103.45340666456,2
峨眉山清乐旅店,29.577128,103.400834,2
峨眉山仙鹤楼酒店,29.573271605863,103.45811445312,2
峨眉山榄翠居客栈,29.58141496581,103.41328248844,2
峨眉山华怡山庄,29.571026,103.429054,2
峨眉山泊您印象酒店,29.598361,103.28411,2
峨眉山星晨休闲庄,29.573591,103.419399,2
峨眉山和谐楼客栈,29.574954,103.423391,2
峨眉山彼岸民宿,29.585091,103.448134,2
峨眉山玉茹酒店,29.581861680034,103.41444768172,2
峨眉山鼎开心商务酒店,29.597460354006,103.51793784119,
布拉格春天酒店,29.573523828677,103.45912202446,
峨眉山董店子山庄,29.598475778385,103.38569274823,2
峨眉山云水公寓,29.605347,103.49014,2
峨眉山香缘休闲庄,29.586934,103.29894,
峨眉山中峰休闲庄,29.574439,103.411951,2
峨眉山香缘休闲庄,29.586934,103.29894,
峨眉山中峰休闲庄,29.574439,103.411951,2
峨眉山天鹅大酒店,29.571812,103.454984,2
乐山峨眉万兴酒家,29.575755898797,103.4508557586,
乐山停留民宿,29.584148,103.45124,
峨眉山家苑商务酒店,29.598185,103.52699,
峨眉山忆年华民宿,29.584768,103.448907,2
峨眉山蜀秀山庄,29.598964,103.284649,2
峨眉山叶仕招待所,29.599054825,103.500642158,1
峨眉山雅梦阁酒店,29.598605,103.284687,2
峨眉山艺雅酒店,29.582010528584,103.41456399649,
峨眉山兴福旅饭店,29.581501874952,103.41420714795,
峨眉山情缘休闲庄,29.586608,103.298239,2
峨眉山百家福民宿,29.585922,103.447088,2
峨眉山玉娥山庄,29.577996,103.405081,
峨眉山风情之家客栈,29.50566,103.400813,2
峨眉山峨溪秋月山庄,29.607291,103.359331,
峨眉山寅瑞酒店,29.58735,103.297255,2
峨眉山镜湖山庄,29.5810135405366,103.413299205309,2
峨眉山山归十里民宿,29.584701,103.452334,2
峨眉山大坪休闲庄,29.572445329458,103.41870734248,
乐山峪水湾客栈(十方普贤分店),29.587902,103.44406,
乐山隐居繁华老板公寓,29.585701,103.45112,
乐山李海容客栈(峨洪路分店),29.597399,103.453705,
峨眉山育贤旅社,29.597388,103.491209,2
乐山李海容客栈(峨洪路分店),29.597399,103.453705,
峨眉山育贤旅社,29.597388,103.491209,2
峨眉山清音雅舍,29.578949,103.405188,3
峨眉山灵栖院子酒店,29.573807,103.45943,3
峨眉山花园城度假酒店,29.579462653555,103.48300584245,4
峨眉山幸福树酒店,29.573045377001,103.45781885447,3
峨眉山绕佛阁度假酒店,29.585869,103.448516,5
峨眉山御泉湾温泉酒店,29.569419,103.465784,5
峨眉山饭店(灵秀温泉),29.57112275,103.4579336,4
丽呈别院·峨眉禅泉,29.596283,103.504488,4
峨眉山大酒店,29.57307889,103.4533153,4
洪雅禅驿·半山院子,29.566167,103.263419,3
峨眉山浮生宿迹·民宿,29.585904,103.450024,4
峨眉山拜愚庭云涧温泉艺术酒店,29.575505,103.451862,3
峨眉山蓝光己庄·悟啦啦主题亲子酒店,29.579401,103.482538,5
峨眉山斯维登度假公寓(峨眉青庐),29.576064567032,103.46649345366,4
洪雅远山云驿民宿,29.592342,103.258237,3
峨眉山印主题山与湖酒店,29.583594,103.464011,4
峨眉山温泉饭店,29.57114010956,103.45800274977,5
峨眉山御泉湾·倚泉居酒店,29.568516,103.464921,4
峨眉山欣隆门精品酒店,29.544693,103.339969,3
城市便捷酒店(峨眉山店),29.572298,103.456246,2
峨眉山荷堂揽月温泉民宿,29.585112,103.412183,4
拈花溪峨眉山精品温泉民宿,29.574283,103.460919,3
峨眉山蓝光己庄酒店,29.578579324288,103.48219813365,5
峨眉山璞澜丽呈酒店,29.566319,103.464211,4
峨眉山漫雅温泉度假酒店,29.569207,103.466538,4
峨眉山逸闲庄度假酒店,29.582434,103.478608,4
峨眉山瑜伽温泉酒店,29.572987,103.453384,4
乐山李海容客栈(峨洪路分店),29.597399,103.453705,
峨眉山育贤旅社,29.597388,103.491209,2
峨眉山清音雅舍,29.578949,103.405188,3
峨眉山灵栖院子酒店,29.573807,103.45943,3
峨眉山香缘休闲庄,29.586934,103.29894,
峨眉山中峰休闲庄,29.574439,103.411951,2
峨眉山天鹅大酒店,29.571812,103.454984,2
乐山峨眉万兴酒家,29.575755898797,103.4508557586,
乐山停留民宿,29.584148,103.45124,
峨眉山家苑商务酒店,29.598185,103.52699,
峨眉山忆年华民宿,29.584768,103.448907,2
峨眉山蜀秀山庄,29.598964,103.284649,2
峨眉山叶仕招待所,29.599054825,103.500642158,1
峨眉山雅梦阁酒店,29.598605,103.284687,2
峨眉山艺雅酒店,29.582010528584,103.41456399649,
峨眉山兴福旅饭店,29.581501874952,103.41420714795,
峨眉山情缘休闲庄,29.586608,103.298239,2
峨眉山百家福民宿,29.585922,103.447088,2
峨眉山玉娥山庄,29.577996,103.405081,
峨眉山风情之家客栈,29.50566,103.400813,2
峨眉山峨溪秋月山庄,29.607291,103.359331,
峨眉山寅瑞酒店,29.58735,103.297255,2
峨眉山镜湖山庄,29.5810135405366,103.413299205309,2
峨眉山山归十里民宿,29.584701,103.452334,2
峨眉山大坪休闲庄,29.572445329458,103.41870734248,
乐山峪水湾客栈(十方普贤分店),29.587902,103.44406,
乐山隐居繁华老板公寓,29.585701,103.45112,
乐山李海容客栈(峨洪路分店),29.597399,103.453705,
峨眉山育贤旅社,29.597388,103.491209,2
峨眉山花园城度假酒店,29.579462653555,103.48300584245,4
峨眉山幸福树酒店,29.573045377001,103.45781885447,3
峨眉山绕佛阁度假酒店,29.585869,103.448516,5
峨眉山御泉湾温泉酒店,29.569419,103.465784,5
峨眉山饭店(灵秀温泉),29.57112275,103.4579336,4
丽呈别院·峨眉禅泉,29.596283,103.504488,4
峨眉山大酒店,29.57307889,103.4533153,4
洪雅禅驿·半山院子,29.566167,103.263419,3
峨眉山浮生宿迹·民宿,29.585904,103.450024,4
峨眉山拜愚庭云涧温泉艺术酒店,29.575505,103.451862,3
峨眉山蓝光己庄·悟啦啦主题亲子酒店,29.579401,103.482538,5
峨眉山斯维登度假公寓(峨眉青庐),29.576064567032,103.46649345366,4
洪雅远山云驿民宿,29.592342,103.258237,3
峨眉山印主题山与湖酒店,29.583594,103.464011,4
峨眉山温泉饭店,29.57114010956,103.45800274977,5
峨眉山御泉湾·倚泉居酒店,29.568516,103.464921,4
峨眉山欣隆门精品酒店,29.544693,103.339969,3
城市便捷酒店(峨眉山店),29.572298,103.456246,2
峨眉山荷堂揽月温泉民宿,29.585112,103.412183,4
拈花溪峨眉山精品温泉民宿,29.574283,103.460919,3
峨眉山蓝光己庄酒店,29.578579324288,103.48219813365,5
峨眉山璞澜丽呈酒店,29.566319,103.464211,4
峨眉山漫雅温泉度假酒店,29.569207,103.466538,4
峨眉山逸闲庄度假酒店,29.582434,103.478608,4
峨眉山瑜伽温泉酒店,29.572987,103.453384,4
name,lat,lon,star
name,lat,lon,star
